id_despacho,cliente_id,producto,cantidad,unidad_medida,fecha_despacho,mes,bodega_origen,cantidad_kg,peso_bruto_kg,unidad_base
DES-8000,CLI-1005,Textiles,137,kg,2025-04-01,2025-04,BOD-03,137.0,1285.04,kg
DES-8001,CLI-1004,Alimentos,124,kg,2025-02-18,2025-02,BOD-03,124.0,437.16,kg
DES-8002,CLI-1028,Materiales de construcción,55,kg,2025-01-17,2025-01,BOD-04,55.0,232.86,kg
DES-8003,CLI-1042,Alimentos,173,cajas,2025-04-20,2025-04,BOD-04,2076.0,495.61,kg
DES-8004,CLI-1020,Alimentos,71,pallets,2025-02-21,2025-02,BOD-01,35500.0,127.64,kg
DES-8005,CLI-1021,Textiles,38,cajas,2025-03-25,2025-03,BOD-01,456.0,889.43,kg
DES-8006,CLI-1001,Químicos,63,cajas,2025-06-17,2025-06,BOD-01,756.0,58.16,kg
DES-8007,CLI-1010,Alimentos,78,kg,2025-04-18,2025-04,BOD-02,78.0,836.66,kg
DES-8008,CLI-1009,Electrodomésticos,334,cajas,2025-04-07,2025-04,BOD-04,4008.0,708.6,kg
DES-8009,CLI-1039,Materiales de construcción,408,cajas,2025-02-07,2025-02,BOD-02,4896.0,2955.49,kg
DES-8010,CLI-1036,Electrodomésticos,391,kg,2025-01-05,2025-01,BOD-02,391.0,693.32,kg
DES-8011,CLI-1031,Textiles,399,ton,2025-05-27,2025-05,BOD-04,399000.0,680.03,kg
DES-8012,CLI-1010,Textiles,25,kg,2025-06-20,2025-06,BOD-04,25.0,259.29,kg
DES-8013,CLI-1035,Alimentos,325,cajas,2025-02-04,2025-02,BOD-02,3900.0,4593.64,kg
DES-8014,CLI-1009,Materiales de construcción,189,kg,2025-03-19,2025-03,BOD-02,189.0,4266.43,kg
DES-8015,CLI-1021,Materiales de construcción,462,kg,2025-02-12,2025-02,BOD-04,462.0,186.6,kg
DES-8016,CLI-1002,Alimentos,292,kg,2025-02-15,2025-02,BOD-03,292.0,107.74,kg
DES-8017,CLI-1019,Químicos,144,cajas,2025-04-18,2025-04,BOD-03,1728.0,218.97,kg
DES-8018,CLI-1016,Electrodomésticos,334,pallets,2025-06-03,2025-06,BOD-03,167000.0,1692.78,kg
DES-8019,CLI-1013,Electrodomésticos,58,cajas,2025-03-31,2025-03,BOD-03,696.0,642.04,kg
DES-8020,CLI-1014,Materiales de construcción,296,cajas,2025-05-20,2025-05,BOD-04,3552.0,2461.87,kg
DES-8021,CLI-1022,Químicos,366,pallets,2025-06-10,2025-06,BOD-01,183000.0,2030.23,kg
DES-8022,CLI-1026,Textiles,463,ton,2025-06-01,2025-06,BOD-01,463000.0,11487.54,kg
DES-8023,CLI-1035,Químicos,14,lb,2025-05-08,2025-05,BOD-03,6.35,106.7,kg
DES-8024,CLI-1005,Materiales de construcción,325,kg,2025-02-28,2025-02,BOD-01,325.0,1813.24,kg
DES-8025,CLI-1048,Alimentos,448,pallets,2025-06-02,2025-06,BOD-02,224000.0,224000.0,kg
DES-8026,CLI-1019,Electrodomésticos,311,kg,2025-03-11,2025-03,BOD-01,311.0,7447.61,kg
DES-8027,CLI-1019,Químicos,75,pallets,2025-03-07,2025-03,BOD-03,37500.0,752.72,kg
DES-8028,CLI-1030,Textiles,337,kg,2025-05-27,2025-05,BOD-02,337.0,548.66,kg
DES-8029,CLI-1031,Electrodomésticos,423,pallets,2025-03-11,2025-03,BOD-04,211500.0,3925.64,kg
DES-8030,CLI-1021,Químicos,362,ton,2025-06-02,2025-06,BOD-03,362000.0,7048.25,kg
DES-8031,CLI-1010,Materiales de construcción,473,ton,2025-05-18,2025-05,BOD-01,473000.0,6342.97,kg
DES-8032,CLI-1015,Alimentos,117,kg,2025-04-26,2025-04,BOD-03,117.0,581.85,kg
DES-8033,CLI-1043,Químicos,258,cajas,2025-06-16,2025-06,BOD-01,3096.0,1809.8,kg
DES-8034,CLI-1017,Alimentos,420,pallets,2025-03-01,2025-03,BOD-03,210000.0,3521.48,kg
DES-8035,CLI-1036,Químicos,181,ton,2025-01-22,2025-01,BOD-03,181000.0,2911.63,kg
DES-8036,CLI-1030,Alimentos,469,lb,2025-06-30,2025-06,BOD-03,212.73,7125.36,kg
DES-8037,CLI-1032,Materiales de construcción,260,lb,2025-05-23,2025-05,BOD-04,117.93,6279.39,kg
DES-8038,CLI-1043,Electrodomésticos,371,lb,2025-05-18,2025-05,BOD-02,168.28,1850.99,kg
DES-8039,CLI-1048,Electrodomésticos,439,kg,2025-06-11,2025-06,BOD-04,439.0,2170.05,kg
DES-8040,CLI-1014,Alimentos,323,cajas,2025-04-04,2025-04,BOD-01,3876.0,2828.21,kg
DES-8041,CLI-1019,Electrodomésticos,323,cajas,2025-04-27,2025-04,BOD-04,3876.0,2041.61,kg
DES-8042,CLI-1003,Materiales de construcción,499,ton,2025-04-05,2025-04,BOD-02,499000.0,995.57,kg
DES-8043,CLI-1025,Textiles,438,kg,2025-01-27,2025-01,BOD-03,438.0,6395.84,kg
DES-8044,CLI-1011,Alimentos,84,ton,2025-05-17,2025-05,BOD-02,84000.0,670.33,kg
DES-8045,CLI-1030,Químicos,220,pallets,2025-01-17,2025-01,BOD-03,110000.0,2459.47,kg
DES-8046,CLI-1005,Materiales de construcción,27,lb,2025-01-04,2025-01,BOD-02,12.25,615.46,kg
DES-8047,CLI-1004,Alimentos,455,ton,2025-04-28,2025-04,BOD-02,455000.0,1997.97,kg
DES-8048,CLI-1025,Químicos,63,lb,2025-03-27,2025-03,BOD-03,28.58,674.88,kg
DES-8049,CLI-1022,Textiles,309,ton,2025-04-11,2025-04,BOD-04,309000.0,1734.01,kg
DES-8050,CLI-1047,Químicos,334,ton,2025-05-08,2025-05,BOD-01,334000.0,5315.14,kg
DES-8051,CLI-1025,Alimentos,329,pallets,2025-01-17,2025-01,BOD-02,164500.0,2672.69,kg
DES-8052,CLI-1026,Químicos,388,ton,2025-05-11,2025-05,BOD-01,388000.0,1816.79,kg
DES-8053,CLI-1022,Alimentos,379,ton,2025-05-24,2025-05,BOD-01,379000.0,2922.95,kg
DES-8054,CLI-1021,Alimentos,291,ton,2025-01-24,2025-01,BOD-04,291000.0,655.84,kg
DES-8055,CLI-1013,Materiales de construcción,199,cajas,2025-05-08,2025-05,BOD-03,2388.0,683.3,kg
DES-8056,CLI-1000,Químicos,297,pallets,2025-01-09,2025-01,BOD-03,148500.0,746.53,kg
DES-8057,CLI-1038,Materiales de construcción,43,cajas,2025-05-06,2025-05,BOD-03,516.0,42.5,kg
DES-8058,CLI-1019,Electrodomésticos,416,lb,2025-06-05,2025-06,BOD-03,188.69,2307.64,kg
DES-8059,CLI-1027,Alimentos,327,pallets,2025-02-19,2025-02,BOD-02,163500.0,1954.18,kg
DES-8060,CLI-1042,Materiales de construcción,253,lb,2025-04-26,2025-04,BOD-04,114.76,114.76,kg
DES-8061,CLI-1037,Electrodomésticos,256,kg,2025-04-05,2025-04,BOD-03,256.0,2121.44,kg
DES-8062,CLI-1041,Textiles,336,lb,2025-03-01,2025-03,BOD-04,152.41,5578.42,kg
DES-8063,CLI-1021,Químicos,419,pallets,2025-02-15,2025-02,BOD-01,209500.0,3960.12,kg
DES-8064,CLI-1049,Materiales de construcción,449,kg,2025-05-08,2025-05,BOD-02,449.0,3507.69,kg
DES-8065,CLI-1022,Textiles,194,pallets,2025-05-02,2025-05,BOD-01,97000.0,4822.0,kg
DES-8066,CLI-1007,Electrodomésticos,496,lb,2025-06-16,2025-06,BOD-04,224.98,224.98,kg
DES-8067,CLI-1049,Alimentos,324,lb,2025-03-08,2025-03,BOD-01,146.96,3021.11,kg
DES-8068,CLI-1044,Materiales de construcción,257,ton,2025-02-16,2025-02,BOD-03,257000.0,1395.77,kg
DES-8069,CLI-1025,Alimentos,63,ton,2025-03-31,2025-03,BOD-04,63000.0,230.64,kg
DES-8070,CLI-1034,Alimentos,458,lb,2025-05-01,2025-05,BOD-03,207.75,1930.65,kg
DES-8071,CLI-1034,Alimentos,200,lb,2025-05-22,2025-05,BOD-03,90.72,1125.51,kg
DES-8072,CLI-1031,Alimentos,485,pallets,2025-01-31,2025-01,BOD-04,242500.0,5024.64,kg
DES-8073,CLI-1033,Alimentos,331,kg,2025-02-22,2025-02,BOD-02,331.0,951.77,kg
DES-8074,CLI-1028,Electrodomésticos,163,kg,2025-04-30,2025-04,BOD-03,163.0,762.35,kg
DES-8075,CLI-1040,Electrodomésticos,140,cajas,2025-06-25,2025-06,BOD-04,1680.0,2540.85,kg
DES-8076,CLI-1018,Electrodomésticos,294,lb,2025-03-27,2025-03,BOD-03,133.36,7311.78,kg
DES-8077,CLI-1031,Alimentos,200,cajas,2025-01-10,2025-01,BOD-04,2400.0,101.81,kg
DES-8078,CLI-1006,Electrodomésticos,49,cajas,2025-04-04,2025-04,BOD-01,588.0,815.69,kg
DES-8079,CLI-1048,Electrodomésticos,234,kg,2025-04-12,2025-04,BOD-03,234.0,1547.35,kg
DES-8080,CLI-1034,Químicos,368,pallets,2025-02-19,2025-02,BOD-03,184000.0,3013.37,kg
DES-8081,CLI-1025,Textiles,66,lb,2025-05-30,2025-05,BOD-04,29.94,752.84,kg
DES-8082,CLI-1022,Textiles,414,cajas,2025-05-06,2025-05,BOD-03,4968.0,4138.86,kg
DES-8083,CLI-1045,Materiales de construcción,314,cajas,2025-01-15,2025-01,BOD-01,3768.0,3653.12,kg
DES-8084,CLI-1034,Materiales de construcción,119,lb,2025-01-23,2025-01,BOD-02,53.98,2394.36,kg
DES-8085,CLI-1048,Textiles,323,kg,2025-01-22,2025-01,BOD-02,323.0,242.42,kg
DES-8086,CLI-1019,Textiles,262,lb,2025-06-08,2025-06,BOD-04,118.84,2731.91,kg
DES-8087,CLI-1020,Químicos,374,pallets,2025-04-19,2025-04,BOD-01,187000.0,4036.16,kg
DES-8088,CLI-1033,Electrodomésticos,110,kg,2025-06-20,2025-06,BOD-04,110.0,1870.2,kg
DES-8089,CLI-1023,Químicos,441,lb,2025-05-25,2025-05,BOD-04,200.03,9127.32,kg
DES-8090,CLI-1021,Textiles,495,cajas,2025-03-07,2025-03,BOD-04,5940.0,4566.8,kg
DES-8091,CLI-1045,Electrodomésticos,82,pallets,2025-05-17,2025-05,BOD-04,41000.0,1927.4,kg
DES-8092,CLI-1005,Textiles,354,ton,2025-02-21,2025-02,BOD-01,354000.0,2465.41,kg
DES-8093,CLI-1020,Textiles,422,cajas,2025-01-22,2025-01,BOD-04,5064.0,8375.9,kg
DES-8094,CLI-1021,Materiales de construcción,452,lb,2025-04-13,2025-04,BOD-04,205.02,4943.56,kg
DES-8095,CLI-1024,Alimentos,368,ton,2025-02-18,2025-02,BOD-03,368000.0,368000.0,kg
DES-8096,CLI-1007,Materiales de construcción,59,pallets,2025-06-25,2025-06,BOD-03,29500.0,69.33,kg
DES-8097,CLI-1028,Textiles,271,kg,2025-06-27,2025-06,BOD-02,271.0,520.18,kg
DES-8098,CLI-1044,Materiales de construcción,120,cajas,2025-04-24,2025-04,BOD-03,1440.0,1067.82,kg
DES-8099,CLI-1031,Electrodomésticos,143,cajas,2025-06-22,2025-06,BOD-02,1716.0,169.25,kg
DES-8100,CLI-1016,Materiales de construcción,134,ton,2025-03-06,2025-03,BOD-03,134000.0,3267.19,kg
DES-8101,CLI-1007,Textiles,236,ton,2025-05-20,2025-05,BOD-04,236000.0,184.02,kg
DES-8102,CLI-1032,Químicos,459,cajas,2025-03-19,2025-03,BOD-04,5508.0,749.15,kg
DES-8103,CLI-1026,Químicos,232,kg,2025-05-21,2025-05,BOD-04,232.0,1025.16,kg
DES-8104,CLI-1000,Químicos,225,cajas,2025-01-22,2025-01,BOD-04,2700.0,1135.3,kg
DES-8105,CLI-1031,Textiles,31,lb,2025-05-24,2025-05,BOD-04,14.06,200.27,kg
DES-8106,CLI-1006,Materiales de construcción,209,pallets,2025-02-26,2025-02,BOD-02,104500.0,4641.51,kg
DES-8107,CLI-1024,Alimentos,345,lb,2025-04-15,2025-04,BOD-04,156.49,4122.08,kg
DES-8108,CLI-1037,Materiales de construcción,52,cajas,2025-01-12,2025-01,BOD-02,624.0,802.15,kg
DES-8109,CLI-1024,Alimentos,417,pallets,2025-01-13,2025-01,BOD-04,208500.0,6799.91,kg
DES-8110,CLI-1019,Textiles,182,kg,2025-06-05,2025-06,BOD-01,182.0,641.16,kg
DES-8111,CLI-1047,Alimentos,296,pallets,2025-01-27,2025-01,BOD-04,148000.0,7352.64,kg
DES-8112,CLI-1037,Químicos,247,kg,2025-05-01,2025-05,BOD-02,247.0,379.55,kg
DES-8113,CLI-1015,Electrodomésticos,316,ton,2025-06-16,2025-06,BOD-02,316000.0,2814.17,kg
DES-8114,CLI-1010,Químicos,417,kg,2025-02-06,2025-02,BOD-01,417.0,4534.61,kg
DES-8115,CLI-1035,Materiales de construcción,243,lb,2025-03-16,2025-03,BOD-01,110.22,964.3,kg
DES-8116,CLI-1012,Alimentos,289,ton,2025-05-11,2025-05,BOD-02,289000.0,4976.54,kg
DES-8117,CLI-1000,Químicos,195,cajas,2025-03-05,2025-03,BOD-01,2340.0,1084.44,kg
DES-8118,CLI-1016,Químicos,303,ton,2025-03-30,2025-03,BOD-01,303000.0,6655.09,kg
DES-8119,CLI-1019,Electrodomésticos,474,kg,2025-02-12,2025-02,BOD-02,474.0,1105.17,kg
DES-8120,CLI-1023,Materiales de construcción,497,pallets,2025-05-08,2025-05,BOD-01,248500.0,5258.82,kg
DES-8121,CLI-1048,Materiales de construcción,242,kg,2025-05-10,2025-05,BOD-01,242.0,242.0,kg
DES-8122,CLI-1012,Electrodomésticos,186,cajas,2025-05-12,2025-05,BOD-01,2232.0,1888.55,kg
DES-8123,CLI-1004,Textiles,139,cajas,2025-01-04,2025-01,BOD-01,1668.0,1519.35,kg
DES-8124,CLI-1034,Textiles,399,pallets,2025-06-03,2025-06,BOD-02,199500.0,1150.54,kg
DES-8125,CLI-1035,Alimentos,69,pallets,2025-04-30,2025-04,BOD-04,34500.0,372.05,kg
DES-8126,CLI-1003,Electrodomésticos,208,lb,2025-03-01,2025-03,BOD-03,94.35,2224.02,kg
DES-8127,CLI-1043,Textiles,441,kg,2025-06-16,2025-06,BOD-02,441.0,702.46,kg
DES-8128,CLI-1011,Alimentos,307,cajas,2025-04-28,2025-04,BOD-04,3684.0,3126.97,kg
DES-8129,CLI-1021,Electrodomésticos,409,kg,2025-03-23,2025-03,BOD-03,409.0,9191.94,kg
DES-8130,CLI-1037,Alimentos,368,cajas,2025-02-25,2025-02,BOD-01,4416.0,4135.53,kg
DES-8131,CLI-1001,Alimentos,442,lb,2025-02-14,2025-02,BOD-01,200.49,2335.25,kg
DES-8132,CLI-1037,Alimentos,421,cajas,2025-04-16,2025-04,BOD-01,5052.0,598.44,kg
DES-8133,CLI-1036,Químicos,210,lb,2025-04-28,2025-04,BOD-03,95.25,1619.65,kg
DES-8134,CLI-1026,Alimentos,246,ton,2025-05-16,2025-05,BOD-04,246000.0,470.51,kg
DES-8135,CLI-1043,Materiales de construcción,117,lb,2025-05-12,2025-05,BOD-03,53.07,2762.39,kg
DES-8136,CLI-1048,Textiles,306,kg,2025-06-09,2025-06,BOD-03,306.0,3322.53,kg
DES-8137,CLI-1033,Alimentos,389,cajas,2025-01-06,2025-01,BOD-04,4668.0,7090.44,kg
DES-8138,CLI-1041,Químicos,44,ton,2025-05-14,2025-05,BOD-04,44000.0,392.25,kg
DES-8139,CLI-1002,Materiales de construcción,402,cajas,2025-04-26,2025-04,BOD-04,4824.0,2754.4,kg
DES-8140,CLI-1002,Textiles,301,pallets,2025-04-16,2025-04,BOD-04,150500.0,813.6,kg
DES-8141,CLI-1037,Textiles,460,cajas,2025-01-23,2025-01,BOD-01,5520.0,386.37,kg
DES-8142,CLI-1048,Textiles,193,kg,2025-02-07,2025-02,BOD-04,193.0,911.65,kg
DES-8143,CLI-1026,Materiales de construcción,471,ton,2025-03-16,2025-03,BOD-02,471000.0,2910.68,kg
DES-8144,CLI-1003,Textiles,120,pallets,2025-06-01,2025-06,BOD-03,60000.0,882.97,kg
DES-8145,CLI-1025,Electrodomésticos,437,cajas,2025-05-27,2025-05,BOD-02,5244.0,7499.47,kg
DES-8146,CLI-1025,Materiales de construcción,186,ton,2025-02-20,2025-02,BOD-04,186000.0,1153.59,kg
DES-8147,CLI-1020,Textiles,316,lb,2025-01-25,2025-01,BOD-03,143.34,2034.97,kg
DES-8148,CLI-1002,Químicos,451,lb,2025-03-10,2025-03,BOD-03,204.57,1542.06,kg
DES-8149,CLI-1049,Alimentos,135,kg,2025-02-03,2025-02,BOD-01,135.0,414.57,kg
DES-8150,CLI-1022,Alimentos,473,ton,2025-05-16,2025-05,BOD-03,473000.0,1408.68,kg
DES-8151,CLI-1026,Alimentos,77,lb,2025-03-27,2025-03,BOD-04,34.93,494.2,kg
DES-8152,CLI-1035,Materiales de construcción,336,cajas,2025-05-23,2025-05,BOD-01,4032.0,5755.35,kg
DES-8153,CLI-1014,Materiales de construcción,496,ton,2025-02-13,2025-02,BOD-02,496000.0,5005.61,kg
DES-8154,CLI-1002,Electrodomésticos,328,lb,2025-05-27,2025-05,BOD-04,148.78,7577.24,kg
DES-8155,CLI-1034,Químicos,299,pallets,2025-05-05,2025-05,BOD-04,149500.0,1636.45,kg
DES-8156,CLI-1016,Textiles,422,lb,2025-05-28,2025-05,BOD-04,191.42,2006.69,kg
DES-8157,CLI-1030,Materiales de construcción,210,lb,2025-03-18,2025-03,BOD-04,95.25,147.92,kg
DES-8158,CLI-1048,Textiles,287,pallets,2025-05-10,2025-05,BOD-04,143500.0,79.41,kg
DES-8159,CLI-1005,Electrodomésticos,101,pallets,2025-05-07,2025-05,BOD-03,50500.0,1744.98,kg
DES-8160,CLI-1001,Textiles,358,ton,2025-06-17,2025-06,BOD-01,358000.0,2958.25,kg
DES-8161,CLI-1023,Alimentos,197,lb,2025-01-21,2025-01,BOD-03,89.36,2655.71,kg
DES-8162,CLI-1042,Electrodomésticos,38,lb,2025-04-17,2025-04,BOD-02,17.24,377.89,kg
DES-8163,CLI-1041,Electrodomésticos,409,kg,2025-04-03,2025-04,BOD-04,409.0,3187.81,kg
DES-8164,CLI-1016,Alimentos,97,kg,2025-03-05,2025-03,BOD-04,97.0,81.72,kg
DES-8165,CLI-1018,Materiales de construcción,487,ton,2025-02-21,2025-02,BOD-03,487000.0,2858.08,kg
DES-8166,CLI-1009,Textiles,362,pallets,2025-02-28,2025-02,BOD-01,181000.0,3961.36,kg
DES-8167,CLI-1016,Alimentos,238,pallets,2025-02-10,2025-02,BOD-02,119000.0,2459.19,kg
DES-8168,CLI-1017,Materiales de construcción,185,pallets,2025-01-30,2025-01,BOD-04,92500.0,56.28,kg
DES-8169,CLI-1002,Electrodomésticos,299,cajas,2025-05-12,2025-05,BOD-04,3588.0,5052.53,kg
DES-8170,CLI-1039,Textiles,189,kg,2025-05-28,2025-05,BOD-01,189.0,646.26,kg
DES-8171,CLI-1035,Alimentos,74,ton,2025-03-05,2025-03,BOD-02,74000.0,814.09,kg
DES-8172,CLI-1000,Alimentos,304,ton,2025-05-07,2025-05,BOD-03,304000.0,3917.12,kg
DES-8173,CLI-1021,Materiales de construcción,490,lb,2025-03-24,2025-03,BOD-01,222.26,5399.42,kg
DES-8174,CLI-1038,Químicos,52,lb,2025-06-04,2025-06,BOD-01,23.59,534.21,kg
DES-8175,CLI-1021,Químicos,164,kg,2025-03-22,2025-03,BOD-03,164.0,1060.16,kg
DES-8176,CLI-1015,Materiales de construcción,220,ton,2025-04-10,2025-04,BOD-03,220000.0,3350.95,kg
DES-8177,CLI-1044,Electrodomésticos,101,lb,2025-06-21,2025-06,BOD-04,45.81,1850.99,kg
DES-8178,CLI-1048,Químicos,372,cajas,2025-05-04,2025-05,BOD-03,4464.0,1312.45,kg
DES-8179,CLI-1012,Alimentos,450,lb,2025-06-12,2025-06,BOD-04,204.12,926.15,kg
DES-8180,CLI-1023,Químicos,66,lb,2025-04-19,2025-04,BOD-03,29.94,393.27,kg
DES-8181,CLI-1010,Materiales de construcción,478,pallets,2025-01-14,2025-01,BOD-03,239000.0,11107.93,kg
DES-8182,CLI-1041,Alimentos,74,lb,2025-05-05,2025-05,BOD-04,33.57,1779.31,kg
DES-8183,CLI-1046,Electrodomésticos,300,lb,2025-01-07,2025-01,BOD-01,136.08,1464.78,kg
DES-8184,CLI-1030,Textiles,254,cajas,2025-02-04,2025-02,BOD-02,3048.0,2650.54,kg
DES-8185,CLI-1008,Alimentos,143,pallets,2025-02-09,2025-02,BOD-02,71500.0,1517.01,kg
DES-8186,CLI-1003,Materiales de construcción,399,kg,2025-03-15,2025-03,BOD-01,399.0,4136.02,kg
DES-8187,CLI-1009,Químicos,133,kg,2025-02-02,2025-02,BOD-02,133.0,1241.54,kg
DES-8188,CLI-1019,Electrodomésticos,142,cajas,2025-03-29,2025-03,BOD-01,1704.0,3128.35,kg
DES-8189,CLI-1033,Alimentos,74,pallets,2025-02-28,2025-02,BOD-03,37000.0,519.1,kg
DES-8190,CLI-1028,Alimentos,93,ton,2025-06-01,2025-06,BOD-02,93000.0,883.11,kg
DES-8191,CLI-1039,Químicos,360,cajas,2025-05-07,2025-05,BOD-01,4320.0,8849.51,kg
DES-8192,CLI-1038,Electrodomésticos,414,ton,2025-02-15,2025-02,BOD-02,414000.0,3506.54,kg
DES-8193,CLI-1046,Textiles,216,lb,2025-01-03,2025-01,BOD-02,97.98,866.08,kg
DES-8194,CLI-1036,Electrodomésticos,370,kg,2025-04-23,2025-04,BOD-04,370.0,1755.69,kg
DES-8195,CLI-1019,Textiles,241,pallets,2025-05-07,2025-05,BOD-03,120500.0,1998.71,kg
DES-8196,CLI-1045,Alimentos,100,ton,2025-02-04,2025-02,BOD-04,100000.0,1516.79,kg
DES-8197,CLI-1047,Químicos,236,lb,2025-03-14,2025-03,BOD-02,107.05,1684.75,kg
DES-8198,CLI-1014,Materiales de construcción,214,pallets,2025-01-07,2025-01,BOD-03,107000.0,4582.8,kg
DES-8199,CLI-1044,Alimentos,99,pallets,2025-05-05,2025-05,BOD-02,49500.0,860.52,kg
DES-8200,CLI-1015,Materiales de construcción,60,ton,2025-03-05,2025-03,BOD-04,60000.0,168.6,kg
DES-8201,CLI-1015,Textiles,35,ton,2025-03-03,2025-03,BOD-03,35000.0,104.51,kg
DES-8202,CLI-1009,Alimentos,398,cajas,2025-03-06,2025-03,BOD-03,4776.0,934.51,kg
DES-8203,CLI-1010,Electrodomésticos,133,ton,2025-03-30,2025-03,BOD-03,133000.0,1383.82,kg
DES-8204,CLI-1003,Textiles,137,ton,2025-03-25,2025-03,BOD-01,137000.0,1704.71,kg
DES-8205,CLI-1023,Alimentos,176,pallets,2025-05-08,2025-05,BOD-03,88000.0,2822.02,kg
DES-8206,CLI-1017,Textiles,87,lb,2025-04-01,2025-04,BOD-03,39.46,195.28,kg
DES-8207,CLI-1023,Alimentos,448,kg,2025-02-05,2025-02,BOD-02,448.0,5829.35,kg
DES-8208,CLI-1031,Materiales de construcción,48,pallets,2025-01-25,2025-01,BOD-03,24000.0,492.79,kg
DES-8209,CLI-1045,Textiles,383,lb,2025-06-08,2025-06,BOD-01,173.73,2710.73,kg
DES-8210,CLI-1007,Alimentos,364,cajas,2025-03-24,2025-03,BOD-04,4368.0,3922.98,kg
DES-8211,CLI-1027,Textiles,98,pallets,2025-06-16,2025-06,BOD-02,49000.0,1090.24,kg
DES-8212,CLI-1015,Electrodomésticos,440,cajas,2025-02-05,2025-02,BOD-04,5280.0,1665.9,kg
DES-8213,CLI-1042,Materiales de construcción,346,lb,2025-04-22,2025-04,BOD-03,156.94,1287.08,kg
DES-8214,CLI-1029,Químicos,491,kg,2025-03-22,2025-03,BOD-03,491.0,491.0,kg
DES-8215,CLI-1038,Materiales de construcción,347,cajas,2025-05-11,2025-05,BOD-04,4164.0,2375.64,kg
DES-8216,CLI-1004,Alimentos,107,ton,2025-04-19,2025-04,BOD-01,107000.0,2006.94,kg
DES-8217,CLI-1006,Electrodomésticos,50,lb,2025-04-22,2025-04,BOD-01,22.68,1065.73,kg
DES-8218,CLI-1038,Textiles,258,pallets,2025-05-19,2025-05,BOD-01,129000.0,3529.36,kg
DES-8219,CLI-1002,Alimentos,419,cajas,2025-06-18,2025-06,BOD-04,5028.0,9841.32,kg
DES-8220,CLI-1026,Materiales de construcción,252,pallets,2025-04-01,2025-04,BOD-03,126000.0,5883.85,kg
DES-8221,CLI-1022,Electrodomésticos,348,pallets,2025-04-10,2025-04,BOD-04,174000.0,6643.06,kg
DES-8222,CLI-1024,Químicos,100,pallets,2025-01-09,2025-01,BOD-04,50000.0,1077.58,kg
DES-8223,CLI-1010,Electrodomésticos,380,pallets,2025-02-03,2025-02,BOD-03,190000.0,4355.56,kg
DES-8224,CLI-1029,Textiles,190,cajas,2025-03-14,2025-03,BOD-04,2280.0,2495.89,kg
DES-8225,CLI-1034,Textiles,35,cajas,2025-06-07,2025-06,BOD-03,420.0,48.09,kg
DES-8226,CLI-1022,Alimentos,321,pallets,2025-02-25,2025-02,BOD-04,160500.0,3253.73,kg
DES-8227,CLI-1024,Químicos,144,pallets,2025-01-13,2025-01,BOD-04,72000.0,875.77,kg
DES-8228,CLI-1028,Alimentos,45,pallets,2025-03-31,2025-03,BOD-01,22500.0,52.21,kg
DES-8229,CLI-1022,Químicos,33,lb,2025-06-25,2025-06,BOD-03,14.97,680.3,kg
DES-8230,CLI-1019,Textiles,484,kg,2025-05-09,2025-05,BOD-04,484.0,2726.36,kg
DES-8231,CLI-1001,Electrodomésticos,78,lb,2025-05-18,2025-05,BOD-04,35.38,672.07,kg
DES-8232,CLI-1015,Químicos,370,cajas,2025-05-05,2025-05,BOD-01,4440.0,6322.07,kg
DES-8233,CLI-1024,Químicos,362,pallets,2025-05-04,2025-05,BOD-02,181000.0,7627.85,kg
DES-8234,CLI-1023,Alimentos,290,cajas,2025-06-23,2025-06,BOD-01,3480.0,6199.27,kg
DES-8235,CLI-1016,Electrodomésticos,80,lb,2025-03-18,2025-03,BOD-03,36.29,86.6,kg
DES-8236,CLI-1021,Alimentos,312,kg,2025-05-15,2025-05,BOD-01,312.0,5245.44,kg
DES-8237,CLI-1036,Químicos,215,cajas,2025-03-06,2025-03,BOD-04,2580.0,371.56,kg
DES-8238,CLI-1006,Químicos,119,kg,2025-02-23,2025-02,BOD-02,119.0,1593.5,kg
DES-8239,CLI-1001,Electrodomésticos,307,kg,2025-03-17,2025-03,BOD-03,307.0,606.59,kg
DES-8240,CLI-1039,Textiles,19,cajas,2025-03-13,2025-03,BOD-04,228.0,213.68,kg
DES-8241,CLI-1020,Alimentos,221,cajas,2025-02-13,2025-02,BOD-04,2652.0,1752.57,kg
DES-8242,CLI-1006,Materiales de construcción,320,cajas,2025-02-11,2025-02,BOD-03,3840.0,624.5,kg
DES-8243,CLI-1040,Químicos,38,kg,2025-02-13,2025-02,BOD-02,38.0,53.78,kg
DES-8244,CLI-1018,Electrodomésticos,200,cajas,2025-05-03,2025-05,BOD-01,2400.0,1003.82,kg
DES-8245,CLI-1042,Alimentos,275,pallets,2025-01-14,2025-01,BOD-01,137500.0,6356.4,kg
DES-8246,CLI-1049,Materiales de construcción,461,kg,2025-03-28,2025-03,BOD-04,461.0,4777.07,kg
DES-8247,CLI-1045,Materiales de construcción,420,kg,2025-02-17,2025-02,BOD-02,420.0,2372.03,kg
DES-8248,CLI-1049,Alimentos,258,pallets,2025-01-13,2025-01,BOD-04,129000.0,2351.25,kg
DES-8249,CLI-1005,Alimentos,81,cajas,2025-04-15,2025-04,BOD-03,972.0,764.71,kg
DES-8250,CLI-1019,Alimentos,89,kg,2025-02-08,2025-02,BOD-03,89.0,1557.94,kg
DES-8251,CLI-1016,Materiales de construcción,288,cajas,2025-02-23,2025-02,BOD-01,3456.0,847.26,kg
DES-8252,CLI-1015,Químicos,49,lb,2025-04-04,2025-04,BOD-02,22.23,1156.6,kg
DES-8253,CLI-1034,Electrodomésticos,366,ton,2025-04-13,2025-04,BOD-04,366000.0,5843.85,kg
DES-8254,CLI-1016,Electrodomésticos,319,ton,2025-06-25,2025-06,BOD-04,319000.0,209.53,kg
DES-8255,CLI-1001,Alimentos,242,kg,2025-05-13,2025-05,BOD-01,242.0,5046.93,kg
DES-8256,CLI-1046,Alimentos,443,cajas,2025-06-23,2025-06,BOD-02,5316.0,4474.07,kg
DES-8257,CLI-1026,Materiales de construcción,292,ton,2025-03-16,2025-03,BOD-01,292000.0,1723.06,kg
DES-8258,CLI-1017,Electrodomésticos,111,kg,2025-05-13,2025-05,BOD-01,111.0,2622.35,kg
DES-8259,CLI-1019,Electrodomésticos,495,lb,2025-01-27,2025-01,BOD-02,224.53,2146.33,kg
DES-8260,CLI-1028,Materiales de construcción,352,kg,2025-03-23,2025-03,BOD-04,352.0,230.64,kg
DES-8261,CLI-1026,Electrodomésticos,303,lb,2025-01-16,2025-01,BOD-04,137.44,405.74,kg
DES-8262,CLI-1033,Textiles,45,kg,2025-02-20,2025-02,BOD-03,45.0,414.94,kg
DES-8263,CLI-1048,Químicos,149,lb,2025-05-03,2025-05,BOD-02,67.59,791.71,kg
DES-8264,CLI-1038,Alimentos,414,kg,2025-05-02,2025-05,BOD-03,414.0,484.12,kg
DES-8265,CLI-1028,Alimentos,142,pallets,2025-06-14,2025-06,BOD-04,71000.0,83.91,kg
DES-8266,CLI-1015,Materiales de construcción,64,ton,2025-04-16,2025-04,BOD-03,64000.0,77.79,kg
DES-8267,CLI-1019,Electrodomésticos,12,cajas,2025-01-06,2025-01,BOD-02,144.0,59.62,kg
DES-8268,CLI-1022,Textiles,491,kg,2025-06-19,2025-06,BOD-01,491.0,2008.48,kg
DES-8269,CLI-1015,Electrodomésticos,360,kg,2025-01-21,2025-01,BOD-04,360.0,2658.11,kg
DES-8270,CLI-1026,Electrodomésticos,94,lb,2025-03-02,2025-03,BOD-01,42.64,427.15,kg
DES-8271,CLI-1001,Electrodomésticos,153,cajas,2025-03-20,2025-03,BOD-04,1836.0,823.43,kg
DES-8272,CLI-1035,Químicos,406,pallets,2025-05-17,2025-05,BOD-03,203000.0,5263.69,kg
DES-8273,CLI-1029,Electrodomésticos,469,ton,2025-04-14,2025-04,BOD-01,469000.0,5257.01,kg
DES-8274,CLI-1029,Electrodomésticos,395,kg,2025-04-27,2025-04,BOD-02,395.0,2959.72,kg
DES-8275,CLI-1036,Alimentos,314,ton,2025-02-21,2025-02,BOD-04,314000.0,4217.4,kg
DES-8276,CLI-1004,Químicos,64,pallets,2025-04-19,2025-04,BOD-01,32000.0,467.95,kg
DES-8277,CLI-1010,Electrodomésticos,147,lb,2025-03-17,2025-03,BOD-03,66.68,66.68,kg
DES-8278,CLI-1028,Alimentos,126,ton,2025-03-06,2025-03,BOD-03,126000.0,957.76,kg
DES-8279,CLI-1044,Alimentos,201,ton,2025-03-04,2025-03,BOD-01,201000.0,2464.48,kg
DES-8280,CLI-1013,Textiles,194,ton,2025-01-01,2025-01,BOD-03,194000.0,3030.5,kg
DES-8281,CLI-1024,Químicos,188,ton,2025-04-14,2025-04,BOD-01,188000.0,2042.56,kg
DES-8282,CLI-1041,Químicos,130,kg,2025-04-28,2025-04,BOD-03,130.0,2496.27,kg
DES-8283,CLI-1017,Materiales de construcción,263,ton,2025-02-25,2025-02,BOD-03,263000.0,2531.68,kg
DES-8284,CLI-1021,Textiles,437,pallets,2025-02-12,2025-02,BOD-04,218500.0,6143.56,kg
DES-8285,CLI-1016,Electrodomésticos,483,ton,2025-03-16,2025-03,BOD-02,483000.0,4355.46,kg
DES-8286,CLI-1038,Químicos,235,kg,2025-04-21,2025-04,BOD-03,235.0,2212.29,kg
DES-8287,CLI-1030,Textiles,432,lb,2025-05-03,2025-05,BOD-02,195.95,1469.59,kg
DES-8288,CLI-1024,Textiles,183,kg,2025-04-16,2025-04,BOD-02,183.0,1941.9,kg
DES-8289,CLI-1048,Alimentos,211,lb,2025-04-14,2025-04,BOD-04,95.71,95.71,kg
DES-8290,CLI-1042,Alimentos,194,cajas,2025-01-03,2025-01,BOD-02,2328.0,1287.8,kg
DES-8291,CLI-1030,Electrodomésticos,380,pallets,2025-04-15,2025-04,BOD-02,190000.0,3561.3,kg
DES-8292,CLI-1038,Electrodomésticos,178,kg,2025-06-10,2025-06,BOD-04,178.0,4384.2,kg
DES-8293,CLI-1003,Electrodomésticos,411,kg,2025-06-25,2025-06,BOD-01,411.0,473.06,kg
DES-8294,CLI-1027,Electrodomésticos,222,kg,2025-06-02,2025-06,BOD-02,222.0,1436.48,kg
DES-8295,CLI-1049,Materiales de construcción,330,pallets,2025-01-22,2025-01,BOD-01,165000.0,7081.04,kg
DES-8296,CLI-1003,Materiales de construcción,272,ton,2025-06-18,2025-06,BOD-03,272000.0,2074.86,kg
DES-8297,CLI-1036,Materiales de construcción,36,pallets,2025-04-17,2025-04,BOD-02,18000.0,191.44,kg
DES-8298,CLI-1004,Electrodomésticos,145,lb,2025-05-16,2025-05,BOD-04,65.77,1122.62,kg
DES-8299,CLI-1040,Textiles,331,cajas,2025-04-05,2025-04,BOD-04,3972.0,734.85,kg
DES-8300,CLI-1008,Electrodomésticos,405,pallets,2025-05-22,2025-05,BOD-02,202500.0,410.79,kg
DES-8301,CLI-1048,Electrodomésticos,279,cajas,2025-03-15,2025-03,BOD-04,3348.0,2767.11,kg
DES-8302,CLI-1001,Textiles,107,cajas,2025-03-09,2025-03,BOD-04,1284.0,746.7,kg
DES-8303,CLI-1032,Textiles,172,pallets,2025-06-01,2025-06,BOD-04,86000.0,1659.18,kg
DES-8304,CLI-1017,Electrodomésticos,438,ton,2025-02-08,2025-02,BOD-01,438000.0,7870.39,kg
DES-8305,CLI-1042,Textiles,185,ton,2025-05-18,2025-05,BOD-04,185000.0,3741.36,kg
DES-8306,CLI-1011,Químicos,464,pallets,2025-03-06,2025-03,BOD-03,232000.0,3224.94,kg
DES-8307,CLI-1010,Textiles,170,ton,2025-06-10,2025-06,BOD-03,170000.0,526.23,kg
DES-8308,CLI-1048,Textiles,420,cajas,2025-05-22,2025-05,BOD-01,5040.0,9183.99,kg
DES-8309,CLI-1004,Alimentos,410,ton,2025-02-26,2025-02,BOD-04,410000.0,410000.0,kg
DES-8310,CLI-1020,Materiales de construcción,265,cajas,2025-01-24,2025-01,BOD-03,3180.0,4693.35,kg
DES-8311,CLI-1049,Químicos,367,ton,2025-05-08,2025-05,BOD-04,367000.0,8537.24,kg
DES-8312,CLI-1010,Alimentos,305,kg,2025-02-08,2025-02,BOD-03,305.0,7285.22,kg
DES-8313,CLI-1029,Textiles,69,cajas,2025-02-20,2025-02,BOD-04,828.0,702.7,kg
DES-8314,CLI-1013,Textiles,107,lb,2025-05-13,2025-05,BOD-01,48.53,1456.49,kg
DES-8315,CLI-1011,Materiales de construcción,173,lb,2025-06-22,2025-06,BOD-04,78.47,78.47,kg
DES-8316,CLI-1046,Químicos,479,pallets,2025-02-24,2025-02,BOD-03,239500.0,5307.98,kg
DES-8317,CLI-1048,Alimentos,44,pallets,2025-06-15,2025-06,BOD-03,22000.0,361.95,kg
DES-8318,CLI-1043,Electrodomésticos,47,kg,2025-05-08,2025-05,BOD-02,47.0,526.52,kg
DES-8319,CLI-1000,Textiles,373,pallets,2025-04-20,2025-04,BOD-03,186500.0,1713.41,kg
DES-8320,CLI-1027,Electrodomésticos,62,ton,2025-04-08,2025-04,BOD-03,62000.0,1140.3,kg
DES-8321,CLI-1013,Textiles,25,kg,2025-05-20,2025-05,BOD-03,25.0,256.23,kg
DES-8322,CLI-1002,Materiales de construcción,368,ton,2025-05-29,2025-05,BOD-03,368000.0,9147.94,kg
DES-8323,CLI-1032,Químicos,124,ton,2025-01-29,2025-01,BOD-04,124000.0,2136.81,kg
DES-8324,CLI-1005,Textiles,335,cajas,2025-03-05,2025-03,BOD-04,4020.0,3730.3,kg
DES-8325,CLI-1034,Alimentos,86,ton,2025-01-04,2025-01,BOD-02,86000.0,25.8,kg
DES-8326,CLI-1001,Materiales de construcción,161,ton,2025-05-23,2025-05,BOD-03,161000.0,3352.87,kg
DES-8327,CLI-1027,Textiles,260,pallets,2025-04-22,2025-04,BOD-04,130000.0,2208.19,kg
DES-8328,CLI-1039,Alimentos,190,lb,2025-01-29,2025-01,BOD-01,86.18,81.77,kg
DES-8329,CLI-1005,Electrodomésticos,272,kg,2025-06-10,2025-06,BOD-03,272.0,4867.48,kg
DES-8330,CLI-1027,Textiles,116,kg,2025-01-05,2025-01,BOD-04,116.0,40.15,kg
DES-8331,CLI-1008,Textiles,133,lb,2025-01-11,2025-01,BOD-02,60.33,75.69,kg
DES-8332,CLI-1042,Alimentos,359,ton,2025-06-15,2025-06,BOD-02,359000.0,4054.09,kg
DES-8333,CLI-1013,Materiales de construcción,68,cajas,2025-05-28,2025-05,BOD-01,816.0,1474.21,kg
DES-8334,CLI-1026,Químicos,123,kg,2025-04-22,2025-04,BOD-04,123.0,1170.83,kg
DES-8335,CLI-1046,Alimentos,14,ton,2025-02-22,2025-02,BOD-03,14000.0,61.33,kg
DES-8336,CLI-1004,Electrodomésticos,209,kg,2025-04-25,2025-04,BOD-03,209.0,3075.85,kg
DES-8337,CLI-1001,Materiales de construcción,157,lb,2025-03-30,2025-03,BOD-01,71.21,462.58,kg
DES-8338,CLI-1031,Químicos,163,ton,2025-06-01,2025-06,BOD-02,163000.0,2141.05,kg
DES-8339,CLI-1018,Electrodomésticos,70,lb,2025-01-04,2025-01,BOD-01,31.75,524.78,kg
DES-8340,CLI-1039,Materiales de construcción,371,cajas,2025-01-31,2025-01,BOD-02,4452.0,4452.0,kg
DES-8341,CLI-1045,Alimentos,200,ton,2025-03-09,2025-03,BOD-02,200000.0,752.48,kg
DES-8342,CLI-1020,Materiales de construcción,438,pallets,2025-02-22,2025-02,BOD-04,219000.0,7043.5,kg
DES-8343,CLI-1022,Alimentos,388,kg,2025-03-23,2025-03,BOD-04,388.0,839.8,kg
DES-8344,CLI-1047,Textiles,315,lb,2025-01-12,2025-01,BOD-01,142.88,476.85,kg
DES-8345,CLI-1049,Textiles,428,lb,2025-03-27,2025-03,BOD-04,194.14,4067.79,kg
DES-8346,CLI-1028,Materiales de construcción,292,pallets,2025-02-18,2025-02,BOD-01,146000.0,783.53,kg
DES-8347,CLI-1017,Materiales de construcción,310,kg,2025-03-02,2025-03,BOD-03,310.0,3200.03,kg
DES-8348,CLI-1034,Materiales de construcción,13,pallets,2025-05-01,2025-05,BOD-04,6500.0,12.69,kg
DES-8349,CLI-1008,Textiles,321,ton,2025-04-10,2025-04,BOD-03,321000.0,3496.05,kg
DES-8350,CLI-1042,Alimentos,315,ton,2025-01-14,2025-01,BOD-03,315000.0,2044.14,kg
DES-8351,CLI-1020,Químicos,263,pallets,2025-06-05,2025-06,BOD-01,131500.0,2048.91,kg
DES-8352,CLI-1037,Materiales de construcción,124,kg,2025-03-22,2025-03,BOD-04,124.0,124.0,kg
DES-8353,CLI-1028,Alimentos,176,kg,2025-01-26,2025-01,BOD-01,176.0,1114.66,kg
DES-8354,CLI-1033,Materiales de construcción,247,kg,2025-01-30,2025-01,BOD-02,247.0,1222.05,kg
DES-8355,CLI-1012,Químicos,373,pallets,2025-06-05,2025-06,BOD-01,186500.0,257.44,kg
DES-8356,CLI-1017,Químicos,231,kg,2025-02-08,2025-02,BOD-02,231.0,70.44,kg
DES-8357,CLI-1017,Químicos,472,kg,2025-02-04,2025-02,BOD-02,472.0,472.0,kg
DES-8358,CLI-1036,Materiales de construcción,74,cajas,2025-02-01,2025-02,BOD-03,888.0,1298.72,kg
DES-8359,CLI-1014,Textiles,276,cajas,2025-05-23,2025-05,BOD-03,3312.0,6105.57,kg
DES-8360,CLI-1032,Alimentos,385,pallets,2025-06-11,2025-06,BOD-04,192500.0,5026.93,kg
DES-8361,CLI-1034,Alimentos,407,ton,2025-05-31,2025-05,BOD-04,407000.0,7150.41,kg
DES-8362,CLI-1045,Materiales de construcción,14,kg,2025-05-02,2025-05,BOD-04,14.0,94.56,kg
DES-8363,CLI-1017,Alimentos,246,lb,2025-03-23,2025-03,BOD-01,111.58,5245.94,kg
DES-8364,CLI-1028,Químicos,307,ton,2025-04-21,2025-04,BOD-04,307000.0,2253.96,kg
DES-8365,CLI-1018,Textiles,162,cajas,2025-04-05,2025-04,BOD-01,1944.0,2817.11,kg
DES-8366,CLI-1046,Alimentos,137,lb,2025-06-03,2025-06,BOD-02,62.14,1433.13,kg
DES-8367,CLI-1040,Materiales de construcción,389,kg,2025-05-03,2025-05,BOD-04,389.0,1661.24,kg
DES-8368,CLI-1028,Materiales de construcción,397,ton,2025-06-25,2025-06,BOD-03,397000.0,4250.95,kg
DES-8369,CLI-1024,Químicos,279,lb,2025-02-27,2025-02,BOD-01,126.55,126.55,kg
DES-8370,CLI-1003,Químicos,343,kg,2025-06-28,2025-06,BOD-04,343.0,8216.18,kg
DES-8371,CLI-1043,Textiles,171,kg,2025-06-19,2025-06,BOD-01,171.0,2146.44,kg
DES-8372,CLI-1024,Materiales de construcción,90,ton,2025-02-19,2025-02,BOD-03,90000.0,90000.0,kg
DES-8373,CLI-1012,Químicos,307,pallets,2025-06-06,2025-06,BOD-02,153500.0,3324.16,kg
DES-8374,CLI-1043,Electrodomésticos,382,ton,2025-02-27,2025-02,BOD-02,382000.0,382000.0,kg
DES-8375,CLI-1020,Textiles,91,cajas,2025-03-04,2025-03,BOD-03,1092.0,838.63,kg
DES-8376,CLI-1039,Químicos,89,lb,2025-06-07,2025-06,BOD-01,40.37,40.37,kg
DES-8377,CLI-1015,Alimentos,256,cajas,2025-01-22,2025-01,BOD-04,3072.0,2311.85,kg
DES-8378,CLI-1002,Materiales de construcción,134,lb,2025-03-24,2025-03,BOD-03,60.78,2348.23,kg
DES-8379,CLI-1009,Electrodomésticos,30,cajas,2025-02-02,2025-02,BOD-03,360.0,31.36,kg
DES-8380,CLI-1019,Alimentos,489,lb,2025-05-27,2025-05,BOD-04,221.81,9819.26,kg
DES-8381,CLI-1049,Textiles,65,pallets,2025-05-26,2025-05,BOD-01,32500.0,1555.81,kg
DES-8382,CLI-1030,Electrodomésticos,441,cajas,2025-03-25,2025-03,BOD-04,5292.0,8161.19,kg
DES-8383,CLI-1009,Textiles,455,ton,2025-05-24,2025-05,BOD-02,455000.0,7542.66,kg
DES-8384,CLI-1023,Químicos,161,lb,2025-04-22,2025-04,BOD-03,73.03,1060.05,kg
DES-8385,CLI-1016,Alimentos,199,lb,2025-04-02,2025-04,BOD-03,90.26,158.04,kg
DES-8386,CLI-1013,Alimentos,229,kg,2025-05-11,2025-05,BOD-04,229.0,2006.81,kg
DES-8387,CLI-1013,Textiles,340,ton,2025-05-08,2025-05,BOD-02,340000.0,4972.73,kg
DES-8388,CLI-1016,Químicos,28,kg,2025-05-15,2025-05,BOD-02,28.0,130.91,kg
DES-8389,CLI-1046,Textiles,495,cajas,2025-05-25,2025-05,BOD-02,5940.0,11731.59,kg
DES-8390,CLI-1009,Electrodomésticos,298,cajas,2025-04-08,2025-04,BOD-01,3576.0,1393.62,kg
DES-8391,CLI-1049,Materiales de construcción,29,cajas,2025-06-17,2025-06,BOD-01,348.0,666.52,kg
DES-8392,CLI-1021,Electrodomésticos,98,kg,2025-01-16,2025-01,BOD-02,98.0,656.1,kg
DES-8393,CLI-1029,Químicos,316,cajas,2025-02-11,2025-02,BOD-04,3792.0,1569.53,kg
DES-8394,CLI-1035,Textiles,361,ton,2025-06-26,2025-06,BOD-01,361000.0,6731.03,kg
DES-8395,CLI-1036,Químicos,410,pallets,2025-02-07,2025-02,BOD-01,205000.0,8744.26,kg
DES-8396,CLI-1001,Químicos,53,ton,2025-02-17,2025-02,BOD-01,53000.0,1150.86,kg
DES-8397,CLI-1009,Materiales de construcción,129,cajas,2025-04-29,2025-04,BOD-03,1548.0,639.18,kg
DES-8398,CLI-1020,Alimentos,327,pallets,2025-03-27,2025-03,BOD-04,163500.0,163500.0,kg
DES-8399,CLI-1003,Químicos,109,ton,2025-02-15,2025-02,BOD-01,109000.0,2618.14,kg
DES-8400,CLI-1026,Materiales de construcción,293,kg,2025-03-18,2025-03,BOD-04,293.0,293.0,kg
DES-8401,CLI-1032,Materiales de construcción,175,ton,2025-03-14,2025-03,BOD-04,175000.0,65.24,kg
DES-8402,CLI-1044,Electrodomésticos,341,cajas,2025-03-12,2025-03,BOD-02,4092.0,2710.21,kg
DES-8403,CLI-1021,Textiles,195,cajas,2025-02-28,2025-02,BOD-04,2340.0,1550.05,kg
DES-8404,CLI-1031,Materiales de construcción,473,pallets,2025-03-08,2025-03,BOD-04,236500.0,126.22,kg
DES-8405,CLI-1026,Alimentos,255,cajas,2025-04-28,2025-04,BOD-04,3060.0,302.7,kg
DES-8406,CLI-1009,Materiales de construcción,166,ton,2025-04-17,2025-04,BOD-01,166000.0,3318.56,kg
DES-8407,CLI-1032,Textiles,467,cajas,2025-06-30,2025-06,BOD-01,5604.0,3777.39,kg
DES-8408,CLI-1016,Electrodomésticos,234,kg,2025-01-03,2025-01,BOD-02,234.0,5079.98,kg
DES-8409,CLI-1041,Materiales de construcción,492,cajas,2025-01-11,2025-01,BOD-04,5904.0,4095.47,kg
DES-8410,CLI-1034,Materiales de construcción,15,ton,2025-01-25,2025-01,BOD-04,15000.0,66.41,kg
DES-8411,CLI-1036,Alimentos,335,kg,2025-02-09,2025-02,BOD-02,335.0,7534.28,kg
DES-8412,CLI-1048,Alimentos,78,pallets,2025-06-27,2025-06,BOD-02,39000.0,869.75,kg
DES-8413,CLI-1005,Químicos,415,kg,2025-01-26,2025-01,BOD-01,415.0,4600.43,kg
DES-8414,CLI-1035,Electrodomésticos,277,cajas,2025-01-06,2025-01,BOD-01,3324.0,1513.57,kg
DES-8415,CLI-1031,Electrodomésticos,197,ton,2025-01-14,2025-01,BOD-04,197000.0,3230.24,kg
DES-8416,CLI-1030,Alimentos,39,lb,2025-02-28,2025-02,BOD-04,17.69,431.43,kg
DES-8417,CLI-1046,Químicos,315,cajas,2025-05-01,2025-05,BOD-02,3780.0,2340.24,kg
DES-8418,CLI-1026,Electrodomésticos,352,kg,2025-03-25,2025-03,BOD-01,352.0,477.73,kg
DES-8419,CLI-1003,Químicos,36,kg,2025-05-12,2025-05,BOD-03,36.0,42.76,kg
DES-8420,CLI-1000,Alimentos,34,ton,2025-04-05,2025-04,BOD-03,34000.0,487.93,kg
DES-8421,CLI-1043,Textiles,370,pallets,2025-02-14,2025-02,BOD-01,185000.0,293.37,kg
DES-8422,CLI-1039,Químicos,196,pallets,2025-06-07,2025-06,BOD-03,98000.0,1456.81,kg
DES-8423,CLI-1040,Textiles,454,pallets,2025-04-21,2025-04,BOD-04,227000.0,3877.69,kg
DES-8424,CLI-1048,Textiles,187,ton,2025-04-14,2025-04,BOD-03,187000.0,3158.29,kg
DES-8425,CLI-1003,Alimentos,52,cajas,2025-03-14,2025-03,BOD-03,624.0,1017.89,kg
DES-8426,CLI-1028,Alimentos,30,lb,2025-01-25,2025-01,BOD-02,13.61,352.06,kg
DES-8427,CLI-1028,Químicos,417,cajas,2025-06-01,2025-06,BOD-04,5004.0,4083.83,kg
DES-8428,CLI-1047,Químicos,402,kg,2025-05-18,2025-05,BOD-03,402.0,5090.09,kg
DES-8429,CLI-1029,Alimentos,316,kg,2025-04-07,2025-04,BOD-03,316.0,2232.69,kg
DES-8430,CLI-1033,Materiales de construcción,50,lb,2025-03-15,2025-03,BOD-01,22.68,656.5,kg
DES-8431,CLI-1021,Materiales de construcción,215,ton,2025-03-19,2025-03,BOD-01,215000.0,1658.76,kg
DES-8432,CLI-1016,Alimentos,179,kg,2025-05-29,2025-05,BOD-04,179.0,456.54,kg
DES-8433,CLI-1023,Textiles,172,ton,2025-04-28,2025-04,BOD-01,172000.0,495.48,kg
DES-8434,CLI-1005,Electrodomésticos,476,pallets,2025-04-11,2025-04,BOD-01,238000.0,5197.58,kg
DES-8435,CLI-1026,Químicos,469,pallets,2025-06-10,2025-06,BOD-03,234500.0,7088.06,kg
DES-8436,CLI-1004,Textiles,192,pallets,2025-04-16,2025-04,BOD-02,96000.0,155.17,kg
DES-8437,CLI-1046,Textiles,343,lb,2025-05-17,2025-05,BOD-01,155.58,7606.49,kg
DES-8438,CLI-1042,Químicos,145,ton,2025-04-03,2025-04,BOD-04,145000.0,2426.73,kg
DES-8439,CLI-1000,Alimentos,445,lb,2025-03-21,2025-03,BOD-02,201.85,4169.1,kg
DES-8440,CLI-1035,Electrodomésticos,377,pallets,2025-02-06,2025-02,BOD-03,188500.0,2056.63,kg
DES-8441,CLI-1038,Materiales de construcción,153,cajas,2025-03-23,2025-03,BOD-01,1836.0,1181.14,kg
DES-8442,CLI-1029,Electrodomésticos,256,pallets,2025-03-11,2025-03,BOD-04,128000.0,6316.37,kg
DES-8443,CLI-1005,Alimentos,230,kg,2025-04-29,2025-04,BOD-04,230.0,2008.07,kg
DES-8444,CLI-1017,Alimentos,419,ton,2025-06-10,2025-06,BOD-04,419000.0,2171.83,kg
DES-8445,CLI-1039,Materiales de construcción,275,pallets,2025-05-01,2025-05,BOD-04,137500.0,2937.24,kg
DES-8446,CLI-1018,Alimentos,178,pallets,2025-03-11,2025-03,BOD-03,89000.0,4303.8,kg
DES-8447,CLI-1017,Electrodomésticos,69,pallets,2025-02-09,2025-02,BOD-02,34500.0,737.66,kg
DES-8448,CLI-1044,Alimentos,318,cajas,2025-02-21,2025-02,BOD-04,3816.0,2752.4,kg
DES-8449,CLI-1044,Materiales de construcción,116,lb,2025-04-08,2025-04,BOD-01,52.62,169.24,kg
DES-8450,CLI-1033,Alimentos,413,lb,2025-05-07,2025-05,BOD-02,187.33,2030.2,kg
DES-8451,CLI-1026,Electrodomésticos,481,kg,2025-04-06,2025-04,BOD-04,481.0,1844.41,kg
DES-8452,CLI-1044,Textiles,454,kg,2025-04-30,2025-04,BOD-04,454.0,1794.6,kg
DES-8453,CLI-1033,Electrodomésticos,453,lb,2025-03-01,2025-03,BOD-04,205.48,616.32,kg
DES-8454,CLI-1028,Alimentos,133,ton,2025-01-15,2025-01,BOD-04,133000.0,3195.38,kg
DES-8455,CLI-1041,Químicos,44,pallets,2025-04-21,2025-04,BOD-02,22000.0,148.98,kg
DES-8456,CLI-1022,Químicos,106,kg,2025-01-28,2025-01,BOD-01,106.0,597.61,kg
DES-8457,CLI-1031,Materiales de construcción,443,ton,2025-05-26,2025-05,BOD-01,443000.0,4561.6,kg
DES-8458,CLI-1004,Alimentos,366,lb,2025-04-03,2025-04,BOD-03,166.01,2172.0,kg
DES-8459,CLI-1014,Alimentos,231,lb,2025-03-17,2025-03,BOD-01,104.78,1050.72,kg
DES-8460,CLI-1021,Textiles,48,ton,2025-06-23,2025-06,BOD-04,48000.0,532.96,kg
DES-8461,CLI-1020,Materiales de construcción,149,cajas,2025-06-05,2025-06,BOD-03,1788.0,715.54,kg
DES-8462,CLI-1044,Materiales de construcción,156,cajas,2025-01-12,2025-01,BOD-02,1872.0,247.91,kg
DES-8463,CLI-1042,Textiles,439,ton,2025-06-11,2025-06,BOD-04,439000.0,1200.09,kg
DES-8464,CLI-1013,Textiles,479,kg,2025-02-26,2025-02,BOD-04,479.0,479.0,kg
DES-8465,CLI-1008,Químicos,485,cajas,2025-05-23,2025-05,BOD-02,5820.0,2414.01,kg
DES-8466,CLI-1011,Químicos,83,pallets,2025-05-04,2025-05,BOD-04,41500.0,2037.5,kg
DES-8467,CLI-1009,Electrodomésticos,268,cajas,2025-04-29,2025-04,BOD-02,3216.0,2536.22,kg
DES-8468,CLI-1005,Electrodomésticos,218,ton,2025-06-24,2025-06,BOD-02,218000.0,2045.4,kg
DES-8469,CLI-1040,Alimentos,426,lb,2025-05-04,2025-05,BOD-03,193.23,9509.31,kg
DES-8470,CLI-1012,Textiles,449,cajas,2025-05-13,2025-05,BOD-01,5388.0,380.93,kg
DES-8471,CLI-1013,Alimentos,281,lb,2025-06-02,2025-06,BOD-02,127.46,559.74,kg
DES-8472,CLI-1049,Químicos,122,ton,2025-02-17,2025-02,BOD-03,122000.0,1133.74,kg
DES-8473,CLI-1001,Alimentos,373,ton,2025-03-07,2025-03,BOD-02,373000.0,1456.92,kg
DES-8474,CLI-1018,Químicos,276,pallets,2025-06-26,2025-06,BOD-04,138000.0,2799.67,kg
DES-8475,CLI-1041,Electrodomésticos,160,kg,2025-01-30,2025-01,BOD-04,160.0,3886.58,kg
DES-8476,CLI-1023,Materiales de construcción,225,lb,2025-04-18,2025-04,BOD-04,102.06,102.06,kg
DES-8477,CLI-1021,Químicos,321,kg,2025-03-20,2025-03,BOD-03,321.0,2734.44,kg
DES-8478,CLI-1031,Textiles,116,ton,2025-02-19,2025-02,BOD-01,116000.0,2800.08,kg
DES-8479,CLI-1018,Materiales de construcción,318,lb,2025-04-05,2025-04,BOD-04,144.24,3316.34,kg
DES-8480,CLI-1001,Electrodomésticos,347,cajas,2025-02-12,2025-02,BOD-03,4164.0,3703.6,kg
DES-8481,CLI-1010,Químicos,150,kg,2025-05-08,2025-05,BOD-01,150.0,1094.5,kg
DES-8482,CLI-1013,Electrodomésticos,53,ton,2025-01-14,2025-01,BOD-02,53000.0,774.33,kg
DES-8483,CLI-1044,Electrodomésticos,133,pallets,2025-05-08,2025-05,BOD-04,66500.0,535.01,kg
DES-8484,CLI-1015,Alimentos,227,pallets,2025-06-09,2025-06,BOD-03,113500.0,113500.0,kg
DES-8485,CLI-1002,Materiales de construcción,354,kg,2025-02-01,2025-02,BOD-02,354.0,893.47,kg
DES-8486,CLI-1012,Alimentos,216,cajas,2025-01-07,2025-01,BOD-04,2592.0,1227.59,kg
DES-8487,CLI-1004,Alimentos,484,cajas,2025-04-08,2025-04,BOD-04,5808.0,3659.98,kg
DES-8488,CLI-1029,Materiales de construcción,351,lb,2025-04-04,2025-04,BOD-03,159.21,2296.53,kg
DES-8489,CLI-1023,Electrodomésticos,466,lb,2025-03-29,2025-03,BOD-02,211.37,3670.31,kg
DES-8490,CLI-1008,Materiales de construcción,373,kg,2025-04-24,2025-04,BOD-03,373.0,373.0,kg
DES-8491,CLI-1004,Materiales de construcción,124,pallets,2025-03-31,2025-03,BOD-03,62000.0,208.62,kg
DES-8492,CLI-1009,Electrodomésticos,492,cajas,2025-06-25,2025-06,BOD-02,5904.0,9585.95,kg
DES-8493,CLI-1025,Alimentos,59,kg,2025-06-11,2025-06,BOD-02,59.0,74.05,kg
DES-8494,CLI-1031,Alimentos,373,lb,2025-03-24,2025-03,BOD-01,169.19,7532.31,kg
DES-8495,CLI-1042,Textiles,252,cajas,2025-06-11,2025-06,BOD-04,3024.0,1376.12,kg
DES-8496,CLI-1019,Electrodomésticos,106,lb,2025-06-25,2025-06,BOD-02,48.08,1931.92,kg
DES-8497,CLI-1010,Alimentos,459,lb,2025-01-08,2025-01,BOD-02,208.2,3076.63,kg
DES-8498,CLI-1014,Alimentos,339,kg,2025-05-30,2025-05,BOD-01,339.0,1631.5,kg
DES-8499,CLI-1035,Electrodomésticos,195,ton,2025-04-04,2025-04,BOD-03,195000.0,2882.76,kg
DES-8500,CLI-1045,Electrodomésticos,154,cajas,2025-06-07,2025-06,BOD-01,1848.0,1848.0,kg
DES-8501,CLI-1009,Alimentos,164,cajas,2025-01-03,2025-01,BOD-01,1968.0,3918.43,kg
DES-8502,CLI-1013,Alimentos,389,ton,2025-03-13,2025-03,BOD-03,389000.0,4702.35,kg
DES-8503,CLI-1013,Materiales de construcción,402,pallets,2025-04-26,2025-04,BOD-02,201000.0,4078.32,kg
DES-8504,CLI-1034,Químicos,54,ton,2025-05-08,2025-05,BOD-03,54000.0,1111.05,kg
DES-8505,CLI-1049,Electrodomésticos,87,kg,2025-02-16,2025-02,BOD-01,87.0,1925.3,kg
DES-8506,CLI-1032,Electrodomésticos,124,kg,2025-01-26,2025-01,BOD-03,124.0,1764.75,kg
DES-8507,CLI-1039,Materiales de construcción,496,pallets,2025-01-17,2025-01,BOD-01,248000.0,3300.63,kg
DES-8508,CLI-1019,Alimentos,90,ton,2025-02-03,2025-02,BOD-01,90000.0,1535.8,kg
DES-8509,CLI-1032,Textiles,45,ton,2025-02-21,2025-02,BOD-04,45000.0,1085.56,kg
DES-8510,CLI-1006,Químicos,87,ton,2025-04-26,2025-04,BOD-04,87000.0,87000.0,kg
DES-8511,CLI-1045,Electrodomésticos,476,cajas,2025-01-22,2025-01,BOD-02,5712.0,8293.9,kg
DES-8512,CLI-1039,Electrodomésticos,464,pallets,2025-05-05,2025-05,BOD-01,232000.0,3881.8,kg
DES-8513,CLI-1007,Textiles,379,ton,2025-02-10,2025-02,BOD-02,379000.0,379000.0,kg
DES-8514,CLI-1037,Alimentos,230,kg,2025-05-07,2025-05,BOD-03,230.0,2338.15,kg
DES-8515,CLI-1049,Químicos,186,kg,2025-05-10,2025-05,BOD-03,186.0,3515.9,kg
DES-8516,CLI-1022,Químicos,87,ton,2025-01-23,2025-01,BOD-02,87000.0,294.32,kg
DES-8517,CLI-1012,Químicos,338,pallets,2025-01-20,2025-01,BOD-01,169000.0,1261.58,kg
DES-8518,CLI-1001,Textiles,398,pallets,2025-06-09,2025-06,BOD-02,199000.0,357.53,kg
DES-8519,CLI-1029,Electrodomésticos,16,lb,2025-06-06,2025-06,BOD-03,7.26,75.21,kg
DES-8520,CLI-1025,Materiales de construcción,135,ton,2025-03-06,2025-03,BOD-04,135000.0,119.53,kg
DES-8521,CLI-1006,Alimentos,277,kg,2025-01-11,2025-01,BOD-04,277.0,277.0,kg
DES-8522,CLI-1017,Electrodomésticos,296,cajas,2025-02-21,2025-02,BOD-02,3552.0,3552.0,kg
DES-8523,CLI-1001,Químicos,182,pallets,2025-05-08,2025-05,BOD-03,91000.0,4022.43,kg
DES-8524,CLI-1039,Textiles,134,cajas,2025-03-31,2025-03,BOD-01,1608.0,1282.36,kg
DES-8525,CLI-1011,Textiles,278,lb,2025-05-24,2025-05,BOD-02,126.1,2182.07,kg
DES-8526,CLI-1047,Alimentos,192,lb,2025-01-30,2025-01,BOD-01,87.09,1951.42,kg
DES-8527,CLI-1001,Textiles,480,lb,2025-05-14,2025-05,BOD-02,217.72,5277.58,kg
DES-8528,CLI-1035,Químicos,110,cajas,2025-05-30,2025-05,BOD-02,1320.0,446.77,kg
DES-8529,CLI-1034,Electrodomésticos,26,lb,2025-03-05,2025-03,BOD-03,11.79,132.73,kg
DES-8530,CLI-1026,Químicos,470,lb,2025-05-16,2025-05,BOD-04,213.19,5035.8,kg
DES-8531,CLI-1006,Químicos,128,cajas,2025-01-24,2025-01,BOD-01,1536.0,1319.42,kg
DES-8532,CLI-1029,Alimentos,186,ton,2025-05-31,2025-05,BOD-04,186000.0,1914.14,kg
DES-8533,CLI-1016,Alimentos,272,lb,2025-01-06,2025-01,BOD-01,123.38,396.93,kg
DES-8534,CLI-1016,Electrodomésticos,199,cajas,2025-02-19,2025-02,BOD-01,2388.0,3545.18,kg
DES-8535,CLI-1044,Químicos,466,kg,2025-01-22,2025-01,BOD-04,466.0,718.13,kg
DES-8536,CLI-1024,Electrodomésticos,450,ton,2025-04-07,2025-04,BOD-01,450000.0,5918.28,kg
DES-8537,CLI-1025,Electrodomésticos,410,lb,2025-03-31,2025-03,BOD-03,185.97,1820.22,kg
DES-8538,CLI-1016,Textiles,389,cajas,2025-05-10,2025-05,BOD-04,4668.0,2278.05,kg
DES-8539,CLI-1049,Textiles,265,cajas,2025-01-25,2025-01,BOD-01,3180.0,644.39,kg
DES-8540,CLI-1040,Alimentos,153,lb,2025-05-28,2025-05,BOD-04,69.4,3030.05,kg
DES-8541,CLI-1000,Textiles,13,kg,2025-01-28,2025-01,BOD-04,13.0,211.46,kg
DES-8542,CLI-1009,Químicos,407,ton,2025-03-02,2025-03,BOD-04,407000.0,3710.07,kg
DES-8543,CLI-1017,Textiles,363,kg,2025-06-21,2025-06,BOD-04,363.0,6795.99,kg
DES-8544,CLI-1024,Materiales de construcción,128,pallets,2025-04-10,2025-04,BOD-01,64000.0,1369.42,kg
DES-8545,CLI-1043,Químicos,20,pallets,2025-02-21,2025-02,BOD-01,10000.0,392.64,kg
DES-8546,CLI-1026,Alimentos,26,pallets,2025-01-30,2025-01,BOD-02,13000.0,124.9,kg
DES-8547,CLI-1048,Electrodomésticos,133,lb,2025-05-21,2025-05,BOD-03,60.33,1897.69,kg
DES-8548,CLI-1047,Químicos,426,cajas,2025-01-09,2025-01,BOD-04,5112.0,914.3,kg
DES-8549,CLI-1036,Alimentos,374,pallets,2025-04-01,2025-04,BOD-01,187000.0,2980.62,kg
DES-8550,CLI-1038,Alimentos,140,lb,2025-06-11,2025-06,BOD-04,63.5,697.25,kg
DES-8551,CLI-1018,Textiles,437,kg,2025-05-07,2025-05,BOD-03,437.0,9262.72,kg
DES-8552,CLI-1030,Alimentos,96,pallets,2025-01-02,2025-01,BOD-01,48000.0,1023.86,kg
DES-8553,CLI-1041,Químicos,114,lb,2025-03-23,2025-03,BOD-03,51.71,909.02,kg
DES-8554,CLI-1037,Textiles,129,lb,2025-06-22,2025-06,BOD-04,58.51,2313.51,kg
DES-8555,CLI-1010,Químicos,152,pallets,2025-06-08,2025-06,BOD-01,76000.0,2633.84,kg
DES-8556,CLI-1003,Electrodomésticos,237,kg,2025-05-04,2025-05,BOD-01,237.0,384.16,kg
DES-8557,CLI-1040,Alimentos,239,cajas,2025-01-25,2025-01,BOD-02,2868.0,162.98,kg
DES-8558,CLI-1049,Materiales de construcción,164,pallets,2025-03-14,2025-03,BOD-03,82000.0,780.05,kg
DES-8559,CLI-1020,Alimentos,406,ton,2025-05-20,2025-05,BOD-02,406000.0,2273.09,kg
DES-8560,CLI-1045,Alimentos,450,cajas,2025-06-21,2025-06,BOD-01,5400.0,7496.48,kg
DES-8561,CLI-1008,Químicos,463,lb,2025-04-09,2025-04,BOD-04,210.01,4996.08,kg
DES-8562,CLI-1006,Electrodomésticos,184,pallets,2025-05-25,2025-05,BOD-01,92000.0,1750.75,kg
DES-8563,CLI-1002,Materiales de construcción,414,pallets,2025-03-13,2025-03,BOD-01,207000.0,5153.15,kg
DES-8564,CLI-1007,Químicos,71,kg,2025-03-21,2025-03,BOD-03,71.0,478.34,kg
DES-8565,CLI-1006,Materiales de construcción,448,pallets,2025-03-03,2025-03,BOD-04,224000.0,224000.0,kg
DES-8566,CLI-1011,Alimentos,457,cajas,2025-03-01,2025-03,BOD-03,5484.0,11089.87,kg
DES-8567,CLI-1015,Químicos,379,cajas,2025-03-20,2025-03,BOD-04,4548.0,4446.82,kg
DES-8568,CLI-1030,Materiales de construcción,296,kg,2025-06-12,2025-06,BOD-03,296.0,864.0,kg
DES-8569,CLI-1006,Textiles,54,pallets,2025-01-12,2025-01,BOD-02,27000.0,465.29,kg
DES-8570,CLI-1030,Materiales de construcción,309,kg,2025-06-10,2025-06,BOD-04,309.0,3273.05,kg
DES-8571,CLI-1009,Materiales de construcción,230,lb,2025-02-26,2025-02,BOD-02,104.33,2170.94,kg
DES-8572,CLI-1029,Electrodomésticos,219,lb,2025-04-19,2025-04,BOD-02,99.34,5341.35,kg
DES-8573,CLI-1000,Textiles,359,cajas,2025-01-08,2025-01,BOD-01,4308.0,4111.25,kg
DES-8574,CLI-1031,Materiales de construcción,407,kg,2025-05-21,2025-05,BOD-04,407.0,4249.16,kg
DES-8575,CLI-1048,Materiales de construcción,125,ton,2025-01-13,2025-01,BOD-01,125000.0,1810.08,kg
DES-8576,CLI-1017,Materiales de construcción,148,pallets,2025-02-14,2025-02,BOD-04,74000.0,842.29,kg
DES-8577,CLI-1034,Químicos,452,cajas,2025-06-26,2025-06,BOD-04,5424.0,1848.6,kg
DES-8578,CLI-1018,Alimentos,425,lb,2025-04-14,2025-04,BOD-04,192.78,725.64,kg
DES-8579,CLI-1025,Alimentos,356,lb,2025-01-27,2025-01,BOD-02,161.48,2067.34,kg
DES-8580,CLI-1037,Alimentos,265,cajas,2025-05-30,2025-05,BOD-01,3180.0,5710.24,kg
DES-8581,CLI-1012,Alimentos,180,ton,2025-02-08,2025-02,BOD-02,180000.0,2019.21,kg
DES-8582,CLI-1025,Materiales de construcción,125,kg,2025-02-26,2025-02,BOD-04,125.0,949.76,kg
DES-8583,CLI-1022,Textiles,497,lb,2025-04-25,2025-04,BOD-02,225.44,371.59,kg
DES-8584,CLI-1029,Alimentos,407,kg,2025-04-09,2025-04,BOD-03,407.0,483.73,kg
DES-8585,CLI-1009,Textiles,149,cajas,2025-04-18,2025-04,BOD-04,1788.0,1418.23,kg
DES-8586,CLI-1021,Materiales de construcción,112,cajas,2025-06-16,2025-06,BOD-01,1344.0,102.38,kg
DES-8587,CLI-1013,Químicos,380,cajas,2025-06-04,2025-06,BOD-02,4560.0,660.52,kg
DES-8588,CLI-1014,Textiles,142,ton,2025-02-12,2025-02,BOD-03,142000.0,2496.39,kg
DES-8589,CLI-1049,Materiales de construcción,128,cajas,2025-02-06,2025-02,BOD-04,1536.0,2178.2,kg
DES-8590,CLI-1021,Materiales de construcción,116,kg,2025-01-11,2025-01,BOD-02,116.0,2097.02,kg
DES-8591,CLI-1000,Materiales de construcción,364,pallets,2025-03-22,2025-03,BOD-02,182000.0,2420.27,kg
DES-8592,CLI-1013,Químicos,15,lb,2025-02-21,2025-02,BOD-02,6.8,333.43,kg
DES-8593,CLI-1043,Electrodomésticos,333,pallets,2025-05-13,2025-05,BOD-03,166500.0,3161.77,kg
DES-8594,CLI-1008,Alimentos,340,cajas,2025-05-26,2025-05,BOD-01,4080.0,2413.95,kg
DES-8595,CLI-1028,Electrodomésticos,313,pallets,2025-06-19,2025-06,BOD-03,156500.0,5928.89,kg
DES-8596,CLI-1030,Químicos,302,cajas,2025-05-19,2025-05,BOD-04,3624.0,1061.21,kg
DES-8597,CLI-1019,Alimentos,382,ton,2025-01-27,2025-01,BOD-04,382000.0,6421.17,kg
DES-8598,CLI-1029,Materiales de construcción,352,ton,2025-04-24,2025-04,BOD-01,352000.0,2963.35,kg
DES-8599,CLI-1040,Químicos,111,pallets,2025-04-24,2025-04,BOD-03,55500.0,785.95,kg
DES-8600,CLI-1046,Textiles,279,pallets,2025-03-01,2025-03,BOD-01,139500.0,748.33,kg
DES-8601,CLI-1039,Materiales de construcción,249,pallets,2025-03-02,2025-03,BOD-02,124500.0,278.68,kg
DES-8602,CLI-1001,Textiles,94,kg,2025-06-06,2025-06,BOD-03,94.0,812.68,kg
DES-8603,CLI-1022,Alimentos,409,kg,2025-06-29,2025-06,BOD-01,409.0,1484.79,kg
DES-8604,CLI-1025,Químicos,232,pallets,2025-04-19,2025-04,BOD-01,116000.0,1092.34,kg
DES-8605,CLI-1014,Alimentos,263,cajas,2025-05-01,2025-05,BOD-03,3156.0,2482.11,kg
DES-8606,CLI-1015,Textiles,296,pallets,2025-04-07,2025-04,BOD-01,148000.0,6606.47,kg
DES-8607,CLI-1014,Materiales de construcción,181,ton,2025-03-22,2025-03,BOD-04,181000.0,181000.0,kg
DES-8608,CLI-1006,Alimentos,190,pallets,2025-04-14,2025-04,BOD-04,95000.0,665.88,kg
DES-8609,CLI-1014,Materiales de construcción,319,lb,2025-06-09,2025-06,BOD-03,144.7,97.95,kg
DES-8610,CLI-1020,Alimentos,222,lb,2025-04-27,2025-04,BOD-03,100.7,539.78,kg
DES-8611,CLI-1003,Materiales de construcción,261,ton,2025-01-09,2025-01,BOD-02,261000.0,4851.76,kg
DES-8612,CLI-1001,Textiles,386,cajas,2025-02-25,2025-02,BOD-04,4632.0,2287.23,kg
DES-8613,CLI-1022,Químicos,346,cajas,2025-02-27,2025-02,BOD-02,4152.0,1614.19,kg
DES-8614,CLI-1018,Materiales de construcción,241,lb,2025-05-26,2025-05,BOD-01,109.32,1195.81,kg
DES-8615,CLI-1000,Electrodomésticos,307,kg,2025-01-13,2025-01,BOD-01,307.0,1101.2,kg
DES-8616,CLI-1025,Electrodomésticos,392,cajas,2025-02-28,2025-02,BOD-02,4704.0,1889.58,kg
DES-8617,CLI-1048,Químicos,406,pallets,2025-06-01,2025-06,BOD-02,203000.0,203000.0,kg
DES-8618,CLI-1039,Alimentos,332,lb,2025-01-27,2025-01,BOD-04,150.59,6632.2,kg
DES-8619,CLI-1038,Textiles,263,kg,2025-04-19,2025-04,BOD-03,263.0,4245.68,kg
DES-8620,CLI-1000,Alimentos,189,cajas,2025-03-10,2025-03,BOD-03,2268.0,921.79,kg
DES-8621,CLI-1016,Químicos,415,ton,2025-03-05,2025-03,BOD-04,415000.0,8017.29,kg
DES-8622,CLI-1047,Alimentos,76,pallets,2025-05-27,2025-05,BOD-03,38000.0,345.77,kg
DES-8623,CLI-1005,Materiales de construcción,107,cajas,2025-05-21,2025-05,BOD-04,1284.0,1213.63,kg
DES-8624,CLI-1028,Alimentos,135,lb,2025-04-01,2025-04,BOD-04,61.23,1748.08,kg
DES-8625,CLI-1032,Electrodomésticos,212,ton,2025-03-24,2025-03,BOD-02,212000.0,612.91,kg
DES-8626,CLI-1017,Químicos,420,pallets,2025-06-14,2025-06,BOD-03,210000.0,210000.0,kg
DES-8627,CLI-1049,Textiles,193,lb,2025-05-19,2025-05,BOD-03,87.54,932.52,kg
DES-8628,CLI-1011,Electrodomésticos,361,lb,2025-04-10,2025-04,BOD-02,163.75,4641.7,kg
DES-8629,CLI-1000,Materiales de construcción,289,kg,2025-02-25,2025-02,BOD-03,289.0,1413.18,kg
DES-8630,CLI-1024,Químicos,10,lb,2025-05-31,2025-05,BOD-02,4.54,55.27,kg
DES-8631,CLI-1028,Alimentos,245,cajas,2025-05-30,2025-05,BOD-01,2940.0,2679.74,kg
DES-8632,CLI-1011,Electrodomésticos,425,lb,2025-01-13,2025-01,BOD-04,192.78,3396.61,kg
DES-8633,CLI-1035,Químicos,373,pallets,2025-01-23,2025-01,BOD-01,186500.0,260.37,kg
DES-8634,CLI-1007,Alimentos,276,pallets,2025-02-27,2025-02,BOD-02,138000.0,1206.06,kg
DES-8635,CLI-1045,Químicos,10,kg,2025-03-03,2025-03,BOD-03,10.0,82.34,kg
DES-8636,CLI-1049,Electrodomésticos,95,pallets,2025-03-31,2025-03,BOD-02,47500.0,1885.8,kg
DES-8637,CLI-1006,Electrodomésticos,45,ton,2025-03-19,2025-03,BOD-04,45000.0,126.88,kg
DES-8638,CLI-1023,Materiales de construcción,38,cajas,2025-06-17,2025-06,BOD-03,456.0,584.66,kg
DES-8639,CLI-1012,Químicos,330,lb,2025-01-12,2025-01,BOD-03,149.69,1141.78,kg
DES-8640,CLI-1042,Materiales de construcción,123,pallets,2025-04-20,2025-04,BOD-04,61500.0,139.28,kg
DES-8641,CLI-1042,Químicos,49,cajas,2025-01-06,2025-01,BOD-01,588.0,588.0,kg
DES-8642,CLI-1038,Textiles,372,ton,2025-05-28,2025-05,BOD-03,372000.0,372000.0,kg
DES-8643,CLI-1038,Químicos,52,ton,2025-06-02,2025-06,BOD-02,52000.0,1061.48,kg
DES-8644,CLI-1048,Textiles,153,pallets,2025-04-02,2025-04,BOD-02,76500.0,106.27,kg
DES-8645,CLI-1002,Electrodomésticos,493,ton,2025-05-08,2025-05,BOD-01,493000.0,5237.88,kg
DES-8646,CLI-1031,Alimentos,277,pallets,2025-04-03,2025-04,BOD-02,138500.0,2267.96,kg
DES-8647,CLI-1034,Electrodomésticos,208,cajas,2025-01-28,2025-01,BOD-02,2496.0,4716.47,kg
DES-8648,CLI-1046,Electrodomésticos,342,ton,2025-01-19,2025-01,BOD-03,342000.0,3662.31,kg
DES-8649,CLI-1020,Químicos,354,kg,2025-02-13,2025-02,BOD-01,354.0,4985.03,kg
DES-8650,CLI-1041,Electrodomésticos,287,kg,2025-02-06,2025-02,BOD-02,287.0,6215.06,kg
DES-8651,CLI-1043,Materiales de construcción,442,pallets,2025-02-27,2025-02,BOD-01,221000.0,994.76,kg
DES-8652,CLI-1037,Materiales de construcción,403,cajas,2025-06-03,2025-06,BOD-02,4836.0,789.64,kg
DES-8653,CLI-1014,Electrodomésticos,414,lb,2025-06-21,2025-06,BOD-04,187.79,5836.08,kg
DES-8654,CLI-1001,Materiales de construcción,370,cajas,2025-06-12,2025-06,BOD-04,4440.0,7982.51,kg
DES-8655,CLI-1018,Alimentos,25,lb,2025-02-11,2025-02,BOD-01,11.34,98.85,kg
DES-8656,CLI-1013,Químicos,13,pallets,2025-02-04,2025-02,BOD-03,6500.0,253.65,kg
DES-8657,CLI-1016,Alimentos,392,cajas,2025-01-15,2025-01,BOD-01,4704.0,3102.56,kg
DES-8658,CLI-1006,Alimentos,29,pallets,2025-03-04,2025-03,BOD-04,14500.0,188.32,kg
DES-8659,CLI-1017,Materiales de construcción,458,lb,2025-01-11,2025-01,BOD-01,207.75,3110.0,kg
DES-8660,CLI-1032,Electrodomésticos,221,ton,2025-04-29,2025-04,BOD-03,221000.0,2267.5,kg
DES-8661,CLI-1043,Materiales de construcción,336,pallets,2025-04-04,2025-04,BOD-01,168000.0,4177.9,kg
DES-8662,CLI-1038,Alimentos,50,lb,2025-02-11,2025-02,BOD-01,22.68,172.68,kg
DES-8663,CLI-1029,Químicos,474,cajas,2025-02-17,2025-02,BOD-02,5688.0,3660.38,kg
DES-8664,CLI-1029,Químicos,395,cajas,2025-06-04,2025-06,BOD-03,4740.0,4740.0,kg
DES-8665,CLI-1025,Alimentos,263,ton,2025-05-20,2025-05,BOD-04,263000.0,420.49,kg
DES-8666,CLI-1043,Químicos,465,pallets,2025-03-27,2025-03,BOD-01,232500.0,801.79,kg
DES-8667,CLI-1008,Materiales de construcción,422,cajas,2025-04-10,2025-04,BOD-01,5064.0,3653.09,kg
DES-8668,CLI-1008,Materiales de construcción,214,cajas,2025-01-04,2025-01,BOD-03,2568.0,3235.83,kg
DES-8669,CLI-1017,Químicos,458,pallets,2025-06-07,2025-06,BOD-04,229000.0,5650.05,kg
DES-8670,CLI-1007,Químicos,199,cajas,2025-02-13,2025-02,BOD-04,2388.0,1861.91,kg
DES-8671,CLI-1002,Textiles,42,lb,2025-05-09,2025-05,BOD-02,19.05,110.25,kg
DES-8672,CLI-1020,Textiles,150,ton,2025-02-23,2025-02,BOD-02,150000.0,603.4,kg
DES-8673,CLI-1002,Electrodomésticos,276,lb,2025-05-18,2025-05,BOD-03,125.19,4196.58,kg
DES-8674,CLI-1028,Textiles,65,lb,2025-01-17,2025-01,BOD-02,29.48,20.71,kg
DES-8675,CLI-1046,Textiles,179,ton,2025-01-24,2025-01,BOD-01,179000.0,1065.12,kg
DES-8676,CLI-1026,Electrodomésticos,178,pallets,2025-06-10,2025-06,BOD-03,89000.0,2984.19,kg
DES-8677,CLI-1009,Textiles,381,kg,2025-01-06,2025-01,BOD-01,381.0,3825.89,kg
DES-8678,CLI-1016,Textiles,381,kg,2025-03-17,2025-03,BOD-01,381.0,2813.84,kg
DES-8679,CLI-1034,Químicos,272,ton,2025-03-14,2025-03,BOD-02,272000.0,2119.91,kg
DES-8680,CLI-1030,Materiales de construcción,400,pallets,2025-02-13,2025-02,BOD-03,200000.0,642.3,kg
DES-8681,CLI-1006,Electrodomésticos,228,pallets,2025-02-08,2025-02,BOD-01,114000.0,1326.22,kg
DES-8682,CLI-1032,Electrodomésticos,344,kg,2025-01-16,2025-01,BOD-04,344.0,653.76,kg
DES-8683,CLI-1010,Químicos,186,cajas,2025-05-17,2025-05,BOD-04,2232.0,1718.06,kg
DES-8684,CLI-1023,Materiales de construcción,252,cajas,2025-03-16,2025-03,BOD-02,3024.0,1224.98,kg
DES-8685,CLI-1032,Materiales de construcción,496,pallets,2025-02-07,2025-02,BOD-04,248000.0,10260.82,kg
DES-8686,CLI-1020,Alimentos,161,ton,2025-02-07,2025-02,BOD-03,161000.0,879.65,kg
DES-8687,CLI-1004,Químicos,279,pallets,2025-02-21,2025-02,BOD-01,139500.0,2402.86,kg
DES-8688,CLI-1016,Alimentos,197,ton,2025-05-27,2025-05,BOD-02,197000.0,1162.92,kg
DES-8689,CLI-1010,Electrodomésticos,144,cajas,2025-04-15,2025-04,BOD-04,1728.0,640.27,kg
DES-8690,CLI-1045,Electrodomésticos,282,ton,2025-05-23,2025-05,BOD-04,282000.0,1001.7,kg
DES-8691,CLI-1005,Textiles,38,cajas,2025-03-23,2025-03,BOD-01,456.0,655.82,kg
DES-8692,CLI-1045,Químicos,294,lb,2025-06-05,2025-06,BOD-01,133.36,2822.32,kg
DES-8693,CLI-1025,Textiles,58,kg,2025-05-06,2025-05,BOD-01,58.0,178.76,kg
DES-8694,CLI-1014,Electrodomésticos,335,kg,2025-01-07,2025-01,BOD-01,335.0,1108.56,kg
DES-8695,CLI-1022,Textiles,312,pallets,2025-04-10,2025-04,BOD-03,156000.0,156000.0,kg
DES-8696,CLI-1017,Textiles,119,kg,2025-06-06,2025-06,BOD-04,119.0,341.38,kg
DES-8697,CLI-1043,Alimentos,126,ton,2025-03-06,2025-03,BOD-04,126000.0,126000.0,kg
DES-8698,CLI-1039,Químicos,24,kg,2025-01-07,2025-01,BOD-02,24.0,216.63,kg
DES-8699,CLI-1014,Alimentos,164,pallets,2025-06-06,2025-06,BOD-03,82000.0,1383.85,kg
DES-8700,CLI-1035,Químicos,330,kg,2025-05-20,2025-05,BOD-01,330.0,3147.56,kg
DES-8701,CLI-1032,Químicos,37,ton,2025-02-01,2025-02,BOD-02,37000.0,213.63,kg
DES-8702,CLI-1013,Químicos,233,ton,2025-05-13,2025-05,BOD-04,233000.0,5271.4,kg
DES-8703,CLI-1013,Textiles,70,ton,2025-02-13,2025-02,BOD-02,70000.0,693.39,kg
DES-8704,CLI-1016,Materiales de construcción,30,cajas,2025-01-06,2025-01,BOD-04,360.0,166.95,kg
DES-8705,CLI-1019,Materiales de construcción,121,cajas,2025-05-26,2025-05,BOD-03,1452.0,645.77,kg
DES-8706,CLI-1016,Electrodomésticos,245,kg,2025-03-01,2025-03,BOD-04,245.0,1174.94,kg
DES-8707,CLI-1025,Electrodomésticos,11,cajas,2025-04-12,2025-04,BOD-02,132.0,49.17,kg
DES-8708,CLI-1007,Textiles,413,pallets,2025-02-02,2025-02,BOD-02,206500.0,4034.9,kg
DES-8709,CLI-1034,Textiles,256,pallets,2025-03-11,2025-03,BOD-02,128000.0,2804.02,kg
DES-8710,CLI-1038,Textiles,111,kg,2025-03-23,2025-03,BOD-03,111.0,819.39,kg
DES-8711,CLI-1036,Textiles,349,kg,2025-04-16,2025-04,BOD-04,349.0,205.05,kg
DES-8712,CLI-1034,Alimentos,128,kg,2025-02-17,2025-02,BOD-03,128.0,958.51,kg
DES-8713,CLI-1013,Alimentos,276,lb,2025-06-02,2025-06,BOD-01,125.19,407.55,kg
DES-8714,CLI-1027,Alimentos,60,ton,2025-03-09,2025-03,BOD-01,60000.0,33.0,kg
DES-8715,CLI-1047,Textiles,249,pallets,2025-06-24,2025-06,BOD-04,124500.0,4743.45,kg
DES-8716,CLI-1019,Materiales de construcción,373,ton,2025-04-09,2025-04,BOD-01,373000.0,429.32,kg
DES-8717,CLI-1046,Alimentos,306,lb,2025-04-08,2025-04,BOD-03,138.8,2016.96,kg
DES-8718,CLI-1010,Electrodomésticos,328,ton,2025-05-12,2025-05,BOD-02,328000.0,7568.34,kg
DES-8719,CLI-1048,Químicos,109,cajas,2025-04-01,2025-04,BOD-04,1308.0,239.45,kg
DES-8720,CLI-1029,Químicos,276,cajas,2025-05-05,2025-05,BOD-03,3312.0,1804.62,kg
DES-8721,CLI-1035,Químicos,46,ton,2025-03-21,2025-03,BOD-04,46000.0,312.46,kg
DES-8722,CLI-1037,Alimentos,122,pallets,2025-01-11,2025-01,BOD-03,61000.0,270.57,kg
DES-8723,CLI-1008,Textiles,112,pallets,2025-06-05,2025-06,BOD-04,56000.0,2387.1,kg
DES-8724,CLI-1023,Electrodomésticos,26,kg,2025-01-20,2025-01,BOD-02,26.0,182.09,kg
DES-8725,CLI-1019,Materiales de construcción,10,lb,2025-03-15,2025-03,BOD-02,4.54,48.13,kg
DES-8726,CLI-1031,Materiales de construcción,90,kg,2025-03-12,2025-03,BOD-01,90.0,107.46,kg
DES-8727,CLI-1006,Químicos,407,lb,2025-05-03,2025-05,BOD-01,184.61,3313.27,kg
DES-8728,CLI-1021,Químicos,124,pallets,2025-06-19,2025-06,BOD-04,62000.0,654.0,kg
DES-8729,CLI-1029,Textiles,208,cajas,2025-02-16,2025-02,BOD-04,2496.0,706.2,kg
DES-8730,CLI-1048,Textiles,244,ton,2025-04-23,2025-04,BOD-02,244000.0,244000.0,kg
DES-8731,CLI-1023,Materiales de construcción,418,cajas,2025-05-30,2025-05,BOD-04,5016.0,4651.39,kg
DES-8732,CLI-1023,Materiales de construcción,250,kg,2025-06-25,2025-06,BOD-03,250.0,1062.18,kg
DES-8733,CLI-1039,Textiles,90,cajas,2025-04-30,2025-04,BOD-01,1080.0,136.06,kg
DES-8734,CLI-1019,Materiales de construcción,59,cajas,2025-06-26,2025-06,BOD-02,708.0,933.44,kg
DES-8735,CLI-1046,Químicos,12,pallets,2025-04-23,2025-04,BOD-03,6000.0,56.9,kg
DES-8736,CLI-1048,Electrodomésticos,27,pallets,2025-04-03,2025-04,BOD-04,13500.0,66.27,kg
DES-8737,CLI-1032,Químicos,255,pallets,2025-03-18,2025-03,BOD-02,127500.0,2871.41,kg
DES-8738,CLI-1017,Alimentos,462,cajas,2025-01-15,2025-01,BOD-04,5544.0,5544.0,kg
DES-8739,CLI-1025,Químicos,346,cajas,2025-04-04,2025-04,BOD-04,4152.0,3187.14,kg
DES-8740,CLI-1047,Alimentos,275,cajas,2025-06-22,2025-06,BOD-04,3300.0,1238.99,kg
DES-8741,CLI-1037,Alimentos,236,kg,2025-04-02,2025-04,BOD-02,236.0,774.96,kg
DES-8742,CLI-1016,Alimentos,341,kg,2025-06-14,2025-06,BOD-03,341.0,166.46,kg
DES-8743,CLI-1015,Químicos,263,ton,2025-06-08,2025-06,BOD-01,263000.0,1693.91,kg
DES-8744,CLI-1043,Materiales de construcción,322,cajas,2025-03-23,2025-03,BOD-03,3864.0,2786.19,kg
DES-8745,CLI-1015,Químicos,422,lb,2025-03-17,2025-03,BOD-01,191.42,3720.14,kg
DES-8746,CLI-1033,Electrodomésticos,201,ton,2025-05-18,2025-05,BOD-02,201000.0,1674.85,kg
DES-8747,CLI-1025,Materiales de construcción,106,ton,2025-06-05,2025-06,BOD-02,106000.0,106000.0,kg
DES-8748,CLI-1019,Materiales de construcción,31,lb,2025-01-11,2025-01,BOD-02,14.06,363.81,kg
DES-8749,CLI-1017,Electrodomésticos,190,kg,2025-04-10,2025-04,BOD-02,190.0,1755.07,kg
DES-8750,CLI-1001,Alimentos,62,kg,2025-02-09,2025-02,BOD-03,62.0,369.95,kg
DES-8751,CLI-1040,Materiales de construcción,231,ton,2025-02-23,2025-02,BOD-04,231000.0,1251.95,kg
DES-8752,CLI-1017,Químicos,452,cajas,2025-01-11,2025-01,BOD-02,5424.0,9647.37,kg
DES-8753,CLI-1031,Textiles,430,pallets,2025-06-11,2025-06,BOD-03,215000.0,1389.22,kg
DES-8754,CLI-1003,Materiales de construcción,155,kg,2025-01-14,2025-01,BOD-01,155.0,343.55,kg
DES-8755,CLI-1027,Electrodomésticos,257,pallets,2025-02-03,2025-02,BOD-03,128500.0,386.69,kg
DES-8756,CLI-1033,Alimentos,313,cajas,2025-05-06,2025-05,BOD-04,3756.0,1706.95,kg
DES-8757,CLI-1015,Electrodomésticos,228,kg,2025-03-11,2025-03,BOD-02,228.0,228.0,kg
DES-8758,CLI-1041,Alimentos,148,cajas,2025-05-20,2025-05,BOD-02,1776.0,3174.28,kg
DES-8759,CLI-1022,Textiles,219,kg,2025-02-20,2025-02,BOD-01,219.0,1817.05,kg
DES-8760,CLI-1021,Químicos,397,cajas,2025-01-19,2025-01,BOD-01,4764.0,6389.5,kg
DES-8761,CLI-1010,Materiales de construcción,103,ton,2025-04-13,2025-04,BOD-02,103000.0,1489.86,kg
DES-8762,CLI-1012,Químicos,246,lb,2025-04-08,2025-04,BOD-03,111.58,111.58,kg
DES-8763,CLI-1044,Textiles,475,ton,2025-05-11,2025-05,BOD-04,475000.0,342.02,kg
DES-8764,CLI-1031,Materiales de construcción,43,kg,2025-06-13,2025-06,BOD-03,43.0,146.98,kg
DES-8765,CLI-1027,Alimentos,30,cajas,2025-01-13,2025-01,BOD-02,360.0,260.63,kg
DES-8766,CLI-1028,Materiales de construcción,384,lb,2025-05-13,2025-05,BOD-01,174.18,1060.05,kg
DES-8767,CLI-1029,Textiles,231,lb,2025-06-20,2025-06,BOD-01,104.78,104.78,kg
DES-8768,CLI-1039,Textiles,255,ton,2025-05-12,2025-05,BOD-01,255000.0,593.83,kg
DES-8769,CLI-1035,Materiales de construcción,135,cajas,2025-03-08,2025-03,BOD-01,1620.0,672.76,kg
DES-8770,CLI-1047,Materiales de construcción,267,lb,2025-03-10,2025-03,BOD-01,121.11,1694.95,kg
DES-8771,CLI-1047,Materiales de construcción,120,kg,2025-02-22,2025-02,BOD-01,120.0,642.21,kg
DES-8772,CLI-1027,Electrodomésticos,442,lb,2025-02-12,2025-02,BOD-01,200.49,710.3,kg
DES-8773,CLI-1010,Textiles,436,kg,2025-02-07,2025-02,BOD-04,436.0,4288.88,kg
DES-8774,CLI-1001,Materiales de construcción,431,ton,2025-03-06,2025-03,BOD-04,431000.0,3939.04,kg
DES-8775,CLI-1015,Electrodomésticos,235,pallets,2025-06-18,2025-06,BOD-01,117500.0,2151.02,kg
DES-8776,CLI-1003,Textiles,359,cajas,2025-02-24,2025-02,BOD-01,4308.0,550.09,kg
DES-8777,CLI-1013,Electrodomésticos,295,lb,2025-01-02,2025-01,BOD-03,133.81,1072.79,kg
DES-8778,CLI-1042,Materiales de construcción,81,kg,2025-04-13,2025-04,BOD-02,81.0,1643.48,kg
DES-8779,CLI-1019,Materiales de construcción,457,kg,2025-01-13,2025-01,BOD-02,457.0,10417.85,kg
DES-8780,CLI-1022,Alimentos,281,lb,2025-04-26,2025-04,BOD-03,127.46,1448.56,kg
DES-8781,CLI-1038,Químicos,463,ton,2025-06-04,2025-06,BOD-02,463000.0,1498.85,kg
DES-8782,CLI-1040,Alimentos,131,pallets,2025-01-29,2025-01,BOD-01,65500.0,809.71,kg
DES-8783,CLI-1009,Textiles,401,pallets,2025-02-08,2025-02,BOD-03,200500.0,3887.51,kg
DES-8784,CLI-1006,Materiales de construcción,185,ton,2025-04-05,2025-04,BOD-04,185000.0,3199.81,kg
DES-8785,CLI-1021,Alimentos,312,kg,2025-03-04,2025-03,BOD-01,312.0,2065.08,kg
DES-8786,CLI-1019,Alimentos,389,pallets,2025-04-30,2025-04,BOD-01,194500.0,3007.12,kg
DES-8787,CLI-1000,Alimentos,272,pallets,2025-03-18,2025-03,BOD-01,136000.0,2736.13,kg
DES-8788,CLI-1047,Electrodomésticos,271,pallets,2025-02-09,2025-02,BOD-03,135500.0,929.13,kg
DES-8789,CLI-1002,Textiles,479,lb,2025-01-10,2025-01,BOD-04,217.27,3279.41,kg
DES-8790,CLI-1022,Alimentos,317,ton,2025-04-07,2025-04,BOD-01,317000.0,317000.0,kg
DES-8791,CLI-1042,Textiles,238,cajas,2025-03-28,2025-03,BOD-04,2856.0,2084.3,kg
DES-8792,CLI-1040,Químicos,488,cajas,2025-03-13,2025-03,BOD-02,5856.0,4666.97,kg
DES-8793,CLI-1008,Textiles,273,cajas,2025-02-09,2025-02,BOD-02,3276.0,1525.83,kg
DES-8794,CLI-1039,Electrodomésticos,18,cajas,2025-01-21,2025-01,BOD-03,216.0,178.95,kg
DES-8795,CLI-1038,Alimentos,290,lb,2025-05-31,2025-05,BOD-04,131.54,1554.19,kg
DES-8796,CLI-1046,Electrodomésticos,233,cajas,2025-02-04,2025-02,BOD-03,2796.0,2093.47,kg
DES-8797,CLI-1007,Textiles,178,lb,2025-06-01,2025-06,BOD-03,80.74,4021.04,kg
DES-8798,CLI-1049,Químicos,230,cajas,2025-03-13,2025-03,BOD-01,2760.0,2231.53,kg
DES-8799,CLI-1009,Textiles,261,ton,2025-06-26,2025-06,BOD-04,261000.0,2435.38,kg
DES-8800,CLI-1018,Alimentos,495,kg,2025-06-11,2025-06,BOD-03,495.0,1499.29,kg
DES-8801,CLI-1003,Alimentos,154,lb,2025-04-01,2025-04,BOD-02,69.85,1387.46,kg
DES-8802,CLI-1022,Materiales de construcción,182,lb,2025-04-23,2025-04,BOD-01,82.55,1981.45,kg
DES-8803,CLI-1013,Alimentos,416,cajas,2025-04-20,2025-04,BOD-01,4992.0,4992.0,kg
DES-8804,CLI-1048,Electrodomésticos,164,pallets,2025-01-24,2025-01,BOD-04,82000.0,3132.19,kg
DES-8805,CLI-1018,Textiles,50,cajas,2025-01-25,2025-01,BOD-03,600.0,389.45,kg
DES-8806,CLI-1049,Textiles,57,pallets,2025-05-01,2025-05,BOD-02,28500.0,154.23,kg
DES-8807,CLI-1002,Materiales de construcción,359,ton,2025-01-23,2025-01,BOD-04,359000.0,225.23,kg
DES-8808,CLI-1041,Electrodomésticos,55,kg,2025-04-07,2025-04,BOD-02,55.0,832.25,kg
DES-8809,CLI-1006,Alimentos,440,ton,2025-02-14,2025-02,BOD-02,440000.0,4595.57,kg
DES-8810,CLI-1002,Materiales de construcción,372,ton,2025-06-30,2025-06,BOD-02,372000.0,3009.67,kg
DES-8811,CLI-1015,Químicos,310,kg,2025-02-17,2025-02,BOD-02,310.0,1942.14,kg
DES-8812,CLI-1033,Textiles,493,kg,2025-05-28,2025-05,BOD-02,493.0,3005.74,kg
DES-8813,CLI-1028,Materiales de construcción,60,cajas,2025-04-29,2025-04,BOD-04,720.0,179.28,kg
DES-8814,CLI-1008,Electrodomésticos,288,ton,2025-03-22,2025-03,BOD-01,288000.0,1453.55,kg
DES-8815,CLI-1047,Químicos,232,lb,2025-05-06,2025-05,BOD-02,105.23,1929.38,kg
DES-8816,CLI-1019,Alimentos,444,kg,2025-03-10,2025-03,BOD-02,444.0,8559.94,kg
DES-8817,CLI-1048,Químicos,316,cajas,2025-04-16,2025-04,BOD-04,3792.0,2157.21,kg
DES-8818,CLI-1033,Electrodomésticos,359,pallets,2025-05-05,2025-05,BOD-03,179500.0,2577.38,kg
DES-8819,CLI-1019,Químicos,279,cajas,2025-06-19,2025-06,BOD-03,3348.0,2953.79,kg
DES-8820,CLI-1024,Materiales de construcción,121,pallets,2025-06-12,2025-06,BOD-03,60500.0,362.7,kg
DES-8821,CLI-1021,Químicos,216,lb,2025-06-18,2025-06,BOD-02,97.98,3362.84,kg
DES-8822,CLI-1009,Químicos,415,pallets,2025-01-07,2025-01,BOD-04,207500.0,1331.35,kg
DES-8823,CLI-1024,Químicos,351,pallets,2025-01-17,2025-01,BOD-02,175500.0,7397.21,kg
DES-8824,CLI-1015,Textiles,146,cajas,2025-05-27,2025-05,BOD-02,1752.0,737.39,kg
DES-8825,CLI-1014,Químicos,116,ton,2025-05-10,2025-05,BOD-03,116000.0,94.93,kg
DES-8826,CLI-1043,Electrodomésticos,114,pallets,2025-04-19,2025-04,BOD-03,57000.0,921.35,kg
DES-8827,CLI-1031,Materiales de construcción,135,kg,2025-03-11,2025-03,BOD-03,135.0,906.95,kg
DES-8828,CLI-1043,Químicos,349,cajas,2025-06-21,2025-06,BOD-03,4188.0,3281.48,kg
DES-8829,CLI-1032,Químicos,297,kg,2025-01-16,2025-01,BOD-03,297.0,636.78,kg
DES-8830,CLI-1025,Químicos,343,cajas,2025-03-13,2025-03,BOD-03,4116.0,3663.28,kg
DES-8831,CLI-1013,Químicos,478,ton,2025-02-15,2025-02,BOD-01,478000.0,4544.49,kg
DES-8832,CLI-1016,Químicos,191,ton,2025-03-08,2025-03,BOD-02,191000.0,133.12,kg
DES-8833,CLI-1009,Electrodomésticos,360,pallets,2025-04-24,2025-04,BOD-03,180000.0,4201.15,kg
DES-8834,CLI-1023,Textiles,35,ton,2025-03-25,2025-03,BOD-01,35000.0,230.28,kg
DES-8835,CLI-1042,Electrodomésticos,421,lb,2025-04-17,2025-04,BOD-01,190.96,1196.97,kg
DES-8836,CLI-1035,Alimentos,35,pallets,2025-01-28,2025-01,BOD-03,17500.0,865.47,kg
DES-8837,CLI-1011,Materiales de construcción,266,cajas,2025-04-22,2025-04,BOD-02,3192.0,610.65,kg
DES-8838,CLI-1042,Materiales de construcción,364,kg,2025-03-14,2025-03,BOD-02,364.0,2005.33,kg
DES-8839,CLI-1000,Químicos,30,pallets,2025-06-07,2025-06,BOD-04,15000.0,21.21,kg
DES-8840,CLI-1009,Textiles,318,kg,2025-05-18,2025-05,BOD-03,318.0,1694.65,kg
DES-8841,CLI-1037,Químicos,195,pallets,2025-06-03,2025-06,BOD-03,97500.0,1880.23,kg
DES-8842,CLI-1001,Textiles,189,pallets,2025-06-11,2025-06,BOD-01,94500.0,2053.91,kg
DES-8843,CLI-1013,Alimentos,472,pallets,2025-02-19,2025-02,BOD-03,236000.0,11131.33,kg
DES-8844,CLI-1040,Químicos,255,lb,2025-02-02,2025-02,BOD-01,115.67,2802.1,kg
DES-8845,CLI-1038,Textiles,469,ton,2025-01-31,2025-01,BOD-04,469000.0,3538.03,kg
DES-8846,CLI-1029,Electrodomésticos,154,cajas,2025-03-04,2025-03,BOD-01,1848.0,1146.34,kg
DES-8847,CLI-1039,Textiles,237,lb,2025-03-05,2025-03,BOD-02,107.5,1143.52,kg
DES-8848,CLI-1022,Químicos,448,kg,2025-02-15,2025-02,BOD-02,448.0,2101.55,kg
DES-8849,CLI-1022,Alimentos,271,kg,2025-04-19,2025-04,BOD-03,271.0,1427.8,kg
DES-8850,CLI-1021,Textiles,225,cajas,2025-02-05,2025-02,BOD-02,2700.0,1064.16,kg
DES-8851,CLI-1047,Electrodomésticos,83,cajas,2025-03-22,2025-03,BOD-01,996.0,25.93,kg
DES-8852,CLI-1047,Químicos,291,cajas,2025-01-14,2025-01,BOD-01,3492.0,2421.28,kg
DES-8853,CLI-1049,Electrodomésticos,101,kg,2025-05-14,2025-05,BOD-04,101.0,1173.03,kg
DES-8854,CLI-1011,Textiles,196,ton,2025-05-29,2025-05,BOD-02,196000.0,80.82,kg
DES-8855,CLI-1017,Materiales de construcción,154,pallets,2025-03-23,2025-03,BOD-04,77000.0,1325.29,kg
DES-8856,CLI-1028,Materiales de construcción,161,ton,2025-02-07,2025-02,BOD-02,161000.0,93.89,kg
DES-8857,CLI-1011,Químicos,359,lb,2025-04-21,2025-04,BOD-03,162.84,2587.19,kg
DES-8858,CLI-1047,Electrodomésticos,303,kg,2025-02-11,2025-02,BOD-01,303.0,2412.6,kg
DES-8859,CLI-1020,Alimentos,288,pallets,2025-01-11,2025-01,BOD-01,144000.0,496.12,kg
DES-8860,CLI-1012,Alimentos,210,lb,2025-03-06,2025-03,BOD-04,95.25,1149.86,kg
DES-8861,CLI-1000,Alimentos,256,lb,2025-03-20,2025-03,BOD-04,116.12,4521.89,kg
DES-8862,CLI-1000,Materiales de construcción,429,pallets,2025-03-14,2025-03,BOD-04,214500.0,3773.35,kg
DES-8863,CLI-1014,Químicos,485,cajas,2025-01-14,2025-01,BOD-02,5820.0,626.84,kg
DES-8864,CLI-1000,Alimentos,235,kg,2025-01-30,2025-01,BOD-03,235.0,4169.42,kg
DES-8865,CLI-1035,Textiles,451,ton,2025-06-14,2025-06,BOD-04,451000.0,566.06,kg
DES-8866,CLI-1024,Materiales de construcción,65,cajas,2025-04-11,2025-04,BOD-04,780.0,285.6,kg
DES-8867,CLI-1038,Electrodomésticos,262,ton,2025-05-26,2025-05,BOD-01,262000.0,5031.74,kg
DES-8868,CLI-1003,Alimentos,379,lb,2025-05-31,2025-05,BOD-04,171.91,5821.86,kg
DES-8869,CLI-1015,Electrodomésticos,259,pallets,2025-02-27,2025-02,BOD-03,129500.0,4213.36,kg
DES-8870,CLI-1033,Materiales de construcción,375,lb,2025-03-18,2025-03,BOD-04,170.1,1545.24,kg
DES-8871,CLI-1022,Textiles,388,lb,2025-05-28,2025-05,BOD-03,175.99,2102.0,kg
DES-8872,CLI-1024,Alimentos,13,pallets,2025-03-11,2025-03,BOD-02,6500.0,128.54,kg
DES-8873,CLI-1034,Alimentos,227,ton,2025-06-22,2025-06,BOD-02,227000.0,2617.1,kg
DES-8874,CLI-1026,Electrodomésticos,399,ton,2025-06-16,2025-06,BOD-04,399000.0,7899.03,kg
DES-8875,CLI-1007,Materiales de construcción,233,pallets,2025-01-11,2025-01,BOD-01,116500.0,267.14,kg
DES-8876,CLI-1027,Electrodomésticos,310,kg,2025-06-02,2025-06,BOD-01,310.0,6341.75,kg
DES-8877,CLI-1041,Químicos,35,kg,2025-02-21,2025-02,BOD-04,35.0,609.43,kg
DES-8878,CLI-1033,Electrodomésticos,186,pallets,2025-05-02,2025-05,BOD-04,93000.0,3971.63,kg
DES-8879,CLI-1005,Alimentos,353,pallets,2025-04-30,2025-04,BOD-04,176500.0,4557.14,kg
DES-8880,CLI-1006,Materiales de construcción,181,cajas,2025-06-20,2025-06,BOD-04,2172.0,1447.05,kg
DES-8881,CLI-1031,Químicos,113,lb,2025-06-04,2025-06,BOD-04,51.26,1981.62,kg
DES-8882,CLI-1037,Textiles,86,kg,2025-04-01,2025-04,BOD-02,86.0,819.21,kg
DES-8883,CLI-1046,Materiales de construcción,488,cajas,2025-03-19,2025-03,BOD-02,5856.0,4448.99,kg
DES-8884,CLI-1031,Alimentos,64,cajas,2025-05-05,2025-05,BOD-03,768.0,639.89,kg
DES-8885,CLI-1040,Químicos,106,lb,2025-05-19,2025-05,BOD-02,48.08,884.94,kg
DES-8886,CLI-1046,Químicos,144,pallets,2025-04-28,2025-04,BOD-04,72000.0,1663.58,kg
DES-8887,CLI-1023,Materiales de construcción,485,pallets,2025-06-25,2025-06,BOD-03,242500.0,3638.19,kg
DES-8888,CLI-1013,Materiales de construcción,130,lb,2025-04-13,2025-04,BOD-04,58.97,58.97,kg
DES-8889,CLI-1022,Textiles,405,kg,2025-01-25,2025-01,BOD-02,405.0,369.02,kg
DES-8890,CLI-1016,Químicos,337,pallets,2025-02-02,2025-02,BOD-04,168500.0,168500.0,kg
DES-8891,CLI-1036,Electrodomésticos,301,cajas,2025-06-03,2025-06,BOD-02,3612.0,1705.18,kg
DES-8892,CLI-1043,Electrodomésticos,118,kg,2025-03-08,2025-03,BOD-04,118.0,1668.74,kg
DES-8893,CLI-1020,Químicos,281,ton,2025-05-17,2025-05,BOD-04,281000.0,2714.69,kg
DES-8894,CLI-1021,Alimentos,101,cajas,2025-02-13,2025-02,BOD-02,1212.0,694.36,kg
DES-8895,CLI-1049,Materiales de construcción,499,cajas,2025-03-09,2025-03,BOD-01,5988.0,1639.98,kg
DES-8896,CLI-1025,Materiales de construcción,447,pallets,2025-02-22,2025-02,BOD-03,223500.0,1562.0,kg
DES-8897,CLI-1036,Textiles,419,ton,2025-02-09,2025-02,BOD-02,419000.0,480.13,kg
DES-8898,CLI-1032,Químicos,181,kg,2025-03-08,2025-03,BOD-03,181.0,1420.22,kg
DES-8899,CLI-1023,Electrodomésticos,171,lb,2025-05-09,2025-05,BOD-04,77.56,3121.93,kg
DES-8900,CLI-1029,Alimentos,114,kg,2025-02-07,2025-02,BOD-03,114.0,294.03,kg
DES-8901,CLI-1013,Alimentos,136,pallets,2025-01-20,2025-01,BOD-03,68000.0,1717.19,kg
DES-8902,CLI-1037,Textiles,470,cajas,2025-02-10,2025-02,BOD-03,5640.0,6171.78,kg
DES-8903,CLI-1024,Materiales de construcción,369,lb,2025-05-01,2025-05,BOD-03,167.38,9150.97,kg
DES-8904,CLI-1039,Alimentos,110,ton,2025-05-28,2025-05,BOD-04,110000.0,679.98,kg
DES-8905,CLI-1000,Materiales de construcción,284,lb,2025-03-25,2025-03,BOD-04,128.82,1871.68,kg
DES-8906,CLI-1014,Materiales de construcción,339,lb,2025-03-10,2025-03,BOD-01,153.77,6696.37,kg
DES-8907,CLI-1001,Alimentos,84,cajas,2025-06-04,2025-06,BOD-03,1008.0,599.9,kg
DES-8908,CLI-1017,Materiales de construcción,86,kg,2025-01-01,2025-01,BOD-01,86.0,502.08,kg
DES-8909,CLI-1039,Materiales de construcción,338,kg,2025-02-25,2025-02,BOD-02,338.0,1465.37,kg
DES-8910,CLI-1013,Materiales de construcción,167,pallets,2025-06-12,2025-06,BOD-01,83500.0,203.33,kg
DES-8911,CLI-1002,Textiles,163,cajas,2025-04-08,2025-04,BOD-01,1956.0,1201.76,kg
DES-8912,CLI-1018,Textiles,206,ton,2025-03-21,2025-03,BOD-03,206000.0,1535.5,kg
DES-8913,CLI-1000,Textiles,73,ton,2025-04-03,2025-04,BOD-03,73000.0,1454.86,kg
DES-8914,CLI-1009,Textiles,301,lb,2025-01-05,2025-01,BOD-01,136.53,136.53,kg
DES-8915,CLI-1042,Alimentos,127,lb,2025-04-12,2025-04,BOD-01,57.61,1324.88,kg
DES-8916,CLI-1016,Químicos,360,kg,2025-06-19,2025-06,BOD-04,360.0,627.38,kg
DES-8917,CLI-1036,Materiales de construcción,446,kg,2025-01-17,2025-01,BOD-03,446.0,1407.0,kg
DES-8918,CLI-1021,Textiles,48,lb,2025-06-16,2025-06,BOD-01,21.77,894.49,kg
DES-8919,CLI-1010,Textiles,159,kg,2025-05-07,2025-05,BOD-04,159.0,341.96,kg
DES-8920,CLI-1038,Alimentos,233,lb,2025-06-20,2025-06,BOD-03,105.69,1656.73,kg
DES-8921,CLI-1013,Textiles,232,cajas,2025-04-08,2025-04,BOD-01,2784.0,414.8,kg
DES-8922,CLI-1038,Electrodomésticos,178,cajas,2025-03-27,2025-03,BOD-01,2136.0,2004.55,kg
DES-8923,CLI-1042,Alimentos,382,cajas,2025-05-22,2025-05,BOD-01,4584.0,6778.71,kg
DES-8924,CLI-1047,Alimentos,313,ton,2025-02-13,2025-02,BOD-01,313000.0,5088.3,kg
DES-8925,CLI-1041,Alimentos,91,pallets,2025-06-03,2025-06,BOD-03,45500.0,530.1,kg
DES-8926,CLI-1007,Alimentos,13,kg,2025-03-01,2025-03,BOD-03,13.0,103.12,kg
DES-8927,CLI-1036,Materiales de construcción,107,pallets,2025-02-02,2025-02,BOD-02,53500.0,1134.05,kg
DES-8928,CLI-1000,Electrodomésticos,434,ton,2025-01-08,2025-01,BOD-04,434000.0,3427.86,kg
DES-8929,CLI-1009,Electrodomésticos,327,pallets,2025-06-17,2025-06,BOD-03,163500.0,1657.98,kg
DES-8930,CLI-1025,Alimentos,329,lb,2025-05-20,2025-05,BOD-02,149.23,3899.34,kg
DES-8931,CLI-1015,Químicos,244,lb,2025-06-05,2025-06,BOD-04,110.68,901.81,kg
DES-8932,CLI-1044,Materiales de construcción,73,lb,2025-02-19,2025-02,BOD-01,33.11,1037.61,kg
DES-8933,CLI-1006,Electrodomésticos,107,kg,2025-05-15,2025-05,BOD-02,107.0,283.16,kg
DES-8934,CLI-1025,Materiales de construcción,402,ton,2025-03-04,2025-03,BOD-02,402000.0,5550.43,kg
DES-8935,CLI-1046,Textiles,85,lb,2025-04-13,2025-04,BOD-04,38.56,1035.05,kg
DES-8936,CLI-1040,Textiles,409,ton,2025-01-04,2025-01,BOD-03,409000.0,1214.96,kg
DES-8937,CLI-1010,Textiles,284,cajas,2025-04-23,2025-04,BOD-04,3408.0,3440.7,kg
DES-8938,CLI-1019,Textiles,326,ton,2025-06-21,2025-06,BOD-04,326000.0,2391.8,kg
DES-8939,CLI-1045,Químicos,475,cajas,2025-03-19,2025-03,BOD-04,5700.0,5902.58,kg
DES-8940,CLI-1004,Electrodomésticos,239,lb,2025-02-17,2025-02,BOD-01,108.41,239.33,kg
DES-8941,CLI-1044,Electrodomésticos,461,lb,2025-01-19,2025-01,BOD-04,209.11,209.11,kg
DES-8942,CLI-1018,Químicos,421,ton,2025-04-01,2025-04,BOD-02,421000.0,2117.84,kg
DES-8943,CLI-1004,Químicos,391,pallets,2025-06-06,2025-06,BOD-02,195500.0,2667.67,kg
DES-8944,CLI-1027,Textiles,307,pallets,2025-03-28,2025-03,BOD-02,153500.0,1804.7,kg
DES-8945,CLI-1035,Textiles,417,pallets,2025-05-29,2025-05,BOD-04,208500.0,6829.86,kg
DES-8946,CLI-1049,Químicos,291,cajas,2025-05-13,2025-05,BOD-04,3492.0,6452.53,kg
DES-8947,CLI-1017,Textiles,343,ton,2025-04-04,2025-04,BOD-02,343000.0,379.2,kg
DES-8948,CLI-1037,Textiles,46,kg,2025-04-25,2025-04,BOD-02,46.0,783.12,kg
DES-8949,CLI-1020,Textiles,169,cajas,2025-01-17,2025-01,BOD-01,2028.0,3459.4,kg
DES-8950,CLI-1031,Químicos,201,kg,2025-05-27,2025-05,BOD-03,201.0,1310.63,kg
DES-8951,CLI-1012,Alimentos,243,cajas,2025-05-13,2025-05,BOD-04,2916.0,867.15,kg
DES-8952,CLI-1015,Materiales de construcción,488,kg,2025-03-29,2025-03,BOD-03,488.0,506.34,kg
DES-8953,CLI-1035,Alimentos,388,lb,2025-03-18,2025-03,BOD-02,175.99,790.33,kg
DES-8954,CLI-1037,Alimentos,182,kg,2025-02-21,2025-02,BOD-01,182.0,3401.79,kg
DES-8955,CLI-1022,Alimentos,59,pallets,2025-04-17,2025-04,BOD-03,29500.0,188.12,kg
DES-8956,CLI-1001,Materiales de construcción,220,cajas,2025-03-23,2025-03,BOD-01,2640.0,1694.13,kg
DES-8957,CLI-1014,Químicos,397,lb,2025-06-04,2025-06,BOD-03,180.08,3328.23,kg
DES-8958,CLI-1004,Químicos,131,cajas,2025-02-07,2025-02,BOD-02,1572.0,409.41,kg
DES-8959,CLI-1044,Químicos,441,pallets,2025-04-30,2025-04,BOD-02,220500.0,9766.49,kg
DES-8960,CLI-1013,Materiales de construcción,67,ton,2025-05-13,2025-05,BOD-04,67000.0,137.13,kg
DES-8961,CLI-1022,Alimentos,355,cajas,2025-06-29,2025-06,BOD-03,4260.0,7808.04,kg
DES-8962,CLI-1004,Textiles,235,lb,2025-06-01,2025-06,BOD-02,106.59,2031.34,kg
DES-8963,CLI-1013,Electrodomésticos,54,lb,2025-06-06,2025-06,BOD-02,24.49,1337.47,kg
DES-8964,CLI-1001,Materiales de construcción,267,cajas,2025-02-12,2025-02,BOD-01,3204.0,2482.99,kg
DES-8965,CLI-1037,Alimentos,354,kg,2025-01-08,2025-01,BOD-01,354.0,4595.3,kg
DES-8966,CLI-1015,Químicos,162,pallets,2025-04-11,2025-04,BOD-01,81000.0,2770.04,kg
DES-8967,CLI-1008,Electrodomésticos,266,ton,2025-03-19,2025-03,BOD-03,266000.0,287.69,kg
DES-8968,CLI-1028,Electrodomésticos,78,pallets,2025-03-12,2025-03,BOD-01,39000.0,385.75,kg
DES-8969,CLI-1034,Químicos,338,ton,2025-02-17,2025-02,BOD-03,338000.0,2209.7,kg
DES-8970,CLI-1000,Textiles,350,ton,2025-01-08,2025-01,BOD-02,350000.0,2585.13,kg
DES-8971,CLI-1016,Textiles,380,ton,2025-03-22,2025-03,BOD-02,380000.0,527.37,kg
DES-8972,CLI-1023,Electrodomésticos,455,kg,2025-01-08,2025-01,BOD-04,455.0,249.17,kg
DES-8973,CLI-1040,Alimentos,66,ton,2025-02-02,2025-02,BOD-03,66000.0,283.7,kg
DES-8974,CLI-1036,Alimentos,78,kg,2025-05-02,2025-05,BOD-02,78.0,606.27,kg
DES-8975,CLI-1027,Químicos,76,kg,2025-05-09,2025-05,BOD-01,76.0,617.55,kg
DES-8976,CLI-1045,Materiales de construcción,473,cajas,2025-05-09,2025-05,BOD-04,5676.0,3973.66,kg
DES-8977,CLI-1004,Textiles,266,cajas,2025-05-04,2025-05,BOD-01,3192.0,972.34,kg
DES-8978,CLI-1038,Materiales de construcción,53,pallets,2025-05-28,2025-05,BOD-04,26500.0,861.73,kg
DES-8979,CLI-1002,Alimentos,269,cajas,2025-02-27,2025-02,BOD-03,3228.0,1140.92,kg
DES-8980,CLI-1020,Alimentos,388,pallets,2025-04-19,2025-04,BOD-01,194000.0,2870.0,kg
DES-8981,CLI-1046,Textiles,153,kg,2025-05-22,2025-05,BOD-01,153.0,882.52,kg
DES-8982,CLI-1049,Alimentos,382,kg,2025-03-10,2025-03,BOD-01,382.0,1563.26,kg
DES-8983,CLI-1020,Materiales de construcción,179,pallets,2025-02-23,2025-02,BOD-01,89500.0,1566.79,kg
DES-8984,CLI-1015,Químicos,378,ton,2025-01-11,2025-01,BOD-03,378000.0,7850.06,kg
DES-8985,CLI-1049,Textiles,308,ton,2025-04-25,2025-04,BOD-03,308000.0,931.25,kg
DES-8986,CLI-1014,Materiales de construcción,170,cajas,2025-04-27,2025-04,BOD-02,2040.0,1884.54,kg
DES-8987,CLI-1040,Electrodomésticos,403,lb,2025-02-23,2025-02,BOD-03,182.8,924.01,kg
DES-8988,CLI-1022,Alimentos,378,lb,2025-03-03,2025-03,BOD-03,171.46,2661.5,kg
DES-8989,CLI-1028,Materiales de construcción,372,pallets,2025-06-26,2025-06,BOD-04,186000.0,4451.21,kg
DES-8990,CLI-1041,Textiles,419,kg,2025-01-14,2025-01,BOD-01,419.0,419.0,kg
DES-8991,CLI-1043,Electrodomésticos,483,lb,2025-01-10,2025-01,BOD-03,219.08,6093.05,kg
DES-8992,CLI-1007,Textiles,161,cajas,2025-02-02,2025-02,BOD-04,1932.0,693.26,kg
DES-8993,CLI-1034,Electrodomésticos,466,lb,2025-01-25,2025-01,BOD-03,211.37,2964.06,kg
DES-8994,CLI-1030,Electrodomésticos,277,cajas,2025-03-09,2025-03,BOD-02,3324.0,6653.06,kg
DES-8995,CLI-1049,Alimentos,163,cajas,2025-01-21,2025-01,BOD-03,1956.0,1056.71,kg
DES-8996,CLI-1030,Electrodomésticos,68,kg,2025-02-04,2025-02,BOD-04,68.0,810.69,kg
DES-8997,CLI-1014,Textiles,90,lb,2025-04-29,2025-04,BOD-03,40.82,1499.45,kg
DES-8998,CLI-1048,Electrodomésticos,247,ton,2025-02-06,2025-02,BOD-04,247000.0,1866.03,kg
DES-8999,CLI-1042,Alimentos,317,kg,2025-03-01,2025-03,BOD-01,317.0,2183.86,kg
